customer_id,last_purchase_date,frequency,monetary,recency,r_score,f_score,m_score,segment
17850,2010-12-02 15:27:00,34,5391.210000000009,372,1,4,4,At Risk
13047,2011-11-08 12:06:00,10,3237.540000000001,32,3,4,4,Champions
12583,2011-12-07 08:07:00,15,7281.379999999993,3,4,4,4,Champions
13748,2011-09-05 09:45:00,5,948.2499999999998,96,2,3,3,Loyal Customers
15100,2011-01-10 10:35:00,3,876.0,334,1,3,3,At Risk
15291,2011-11-14 11:02:00,15,4668.300000000002,26,3,4,4,Champions
14688,2011-12-02 12:26:00,21,5630.869999999997,8,4,4,4,Champions
17809,2011-11-23 12:59:00,12,5411.910000000001,16,4,4,4,Champions
15311,2011-12-09 12:00:00,91,60767.90000000011,1,4,4,4,Champions
16098,2011-09-13 09:59:00,7,2005.6300000000003,88,2,4,4,Loyal Customers
18074,2010-12-01 09:53:00,1,489.6,374,1,1,2,Lost
17420,2011-10-20 14:52:00,3,598.8300000000002,50,3,3,2,Loyal Customers
16029,2011-11-01 10:27:00,63,81024.84000000001,39,3,4,4,Champions
16250,2011-03-23 15:07:00,2,389.44000000000005,261,1,2,2,Lost
12431,2011-11-04 11:55:00,15,6487.449999999999,36,3,4,4,Champions
17511,2011-12-07 10:12:00,31,91062.37999999996,3,4,4,4,Champions
13705,2011-12-02 12:32:00,3,711.8600000000001,8,4,3,3,Champions
13747,2010-12-01 10:37:00,1,79.6,374,1,1,1,Lost
13408,2011-12-08 09:05:00,62,28117.039999999983,2,4,4,4,Champions
13767,2011-12-07 15:00:00,37,17220.360000000008,2,4,4,4,Champions
17924,2011-11-28 09:11:00,7,2962.5000000000005,12,4,4,4,Champions
13448,2011-11-23 12:33:00,6,3539.370000000002,17,4,4,4,Champions
15862,2011-12-01 13:28:00,4,832.88,8,4,3,3,Champions
15513,2011-11-06 14:36:00,19,14758.219999999998,33,3,4,4,Champions
12791,2010-12-01 11:27:00,1,192.60000000000002,374,1,1,1,Lost
16218,2011-11-10 09:59:00,7,3084.6800000000017,30,3,4,4,Champions
14045,2011-08-22 15:27:00,4,1659.75,109,2,3,3,Loyal Customers
14307,2011-09-12 09:38:00,6,2995.7200000000007,89,2,4,4,Loyal Customers
17908,2010-12-01 11:45:00,1,243.2799999999999,374,1,1,1,Lost
17920,2011-12-05 14:29:00,17,4204.0999999999885,4,4,4,4,Champions
0,2011-12-09 10:26:00,2189,1744214.5799992427,1,4,4,4,Champions
12838,2011-11-06 12:20:00,2,683.1299999999994,34,3,2,3,New / Promising
13255,2011-11-30 13:14:00,2,399.51,9,4,2,2,New / Promising
16583,2010-12-01 12:03:00,1,233.45000000000002,374,1,1,1,Lost
18085,2011-01-13 15:17:00,2,689.95,330,1,2,3,Lost
13758,2011-11-28 11:11:00,7,3190.550000000001,12,4,4,4,Champions
13694,2011-12-06 09:32:00,50,65039.620000000024,4,4,4,4,Champions
15983,2011-11-17 17:34:00,4,1475.02,22,3,3,3,Champions
14849,2011-11-18 10:58:00,25,7930.539999999996,22,3,4,4,Champions
17968,2010-12-01 12:23:00,1,277.34999999999997,374,1,1,1,Lost
16210,2011-12-08 12:36:00,18,21086.299999999996,2,4,4,4,Champions
17897,2011-06-20 11:23:00,3,566.5999999999999,173,1,3,2,At Risk
17377,2011-11-16 11:17:00,20,4100.919999999995,24,3,4,4,Champions
16552,2011-04-11 10:04:00,2,379.72999999999996,243,1,2,2,Lost
17181,2011-10-13 14:48:00,2,239.91999999999996,57,2,2,1,Needs Attention
17951,2011-10-31 12:30:00,3,1008.5400000000003,40,3,3,3,Champions
14729,2010-12-01 12:43:00,1,313.48999999999995,374,1,1,2,Lost
12748,2011-12-09 12:20:00,210,33719.730000000316,1,4,4,4,Champions
15012,2011-10-17 12:22:00,2,423.0399999999996,54,2,2,2,Needs Attention
12868,2011-06-07 10:42:00,6,1607.0600000000009,186,1,4,3,At Risk
17572,2011-09-29 17:53:00,4,226.75,71,2,3,1,Loyal Customers
14078,2011-08-30 12:16:00,6,1049.3700000000003,102,2,4,3,Loyal Customers
14001,2011-10-25 10:31:00,3,2043.08,46,3,3,4,Champions
12662,2011-12-09 11:59:00,11,3849.7799999999984,1,4,4,4,Champions
15525,2011-12-07 14:43:00,3,825.9200000000002,2,4,3,3,Champions
14237,2010-12-01 13:20:00,1,161.00000000000003,373,1,1,1,Lost
17905,2011-09-29 17:33:00,4,800.24,71,2,3,3,Loyal Customers
15485,2011-11-09 14:31:00,3,2575.0,30,3,3,4,Champions
12433,2011-12-09 10:02:00,7,13375.869999999992,1,4,4,4,Champions
16955,2011-06-08 10:36:00,4,518.67,185,1,3,2,At Risk
15350,2010-12-01 13:33:00,1,115.65,373,1,1,1,Lost
15605,2011-11-03 14:17:00,5,1198.23,36,3,3,3,Champions
18144,2011-12-02 12:46:00,12,2888.750000000001,8,4,4,4,Champions
15922,2010-12-01 13:51:00,1,369.50000000000006,373,1,1,2,Lost
14594,2011-12-02 13:28:00,2,379.82999999999987,7,4,2,2,New / Promising
15165,2010-12-01 14:03:00,1,487.75,373,1,1,2,Lost
14911,2011-12-08 15:54:00,201,143825.05999999944,1,4,4,4,Champions
16456,2011-09-01 13:50:00,5,2158.3700000000003,99,2,3,4,Loyal Customers
17346,2011-12-06 12:18:00,15,2676.559999999999,4,4,4,4,Champions
17643,2010-12-01 14:38:00,1,101.55000000000001,373,1,1,1,Lost
17841,2011-12-08 12:07:00,124,40991.57000000008,2,4,4,4,Champions
17873,2011-09-20 16:41:00,5,1859.1600000000005,80,2,3,4,Loyal Customers
13093,2011-03-09 12:14:00,8,7832.469999999998,276,1,4,4,At Risk
12921,2011-11-30 16:22:00,37,16587.09000000002,9,4,4,4,Champions
13468,2011-12-08 10:39:00,37,5704.970000000001,2,4,4,4,Champions
17760,2011-11-18 10:56:00,2,287.59,22,3,2,1,New / Promising
16928,2011-09-20 15:10:00,17,2847.599999999998,80,2,4,4,Loyal Customers
16048,2010-12-01 15:28:00,2,256.44000000000005,373,1,2,1,Lost
16274,2010-12-01 15:35:00,1,357.94999999999993,373,1,1,2,Lost
14496,2011-02-01 09:01:00,2,538.8100000000001,312,1,2,2,Lost
14696,2011-12-05 13:43:00,7,2078.95,4,4,4,4,Champions
16539,2011-12-07 08:41:00,4,1388.81,3,4,3,3,Champions
17025,2011-10-10 09:06:00,3,357.77,61,2,3,2,Loyal Customers
13777,2011-12-09 12:25:00,33,25977.15999999998,1,4,4,4,Champions
17690,2011-11-09 15:17:00,15,4757.950000000001,30,3,4,4,Champions
12947,2011-07-19 10:06:00,6,1603.9900000000002,144,1,4,3,At Risk
17460,2011-09-06 15:04:00,6,622.4299999999998,94,2,4,2,Loyal Customers
18229,2011-11-28 09:48:00,20,7276.900000000001,12,4,4,4,Champions
14142,2010-12-01 16:33:00,1,311.81000000000006,373,1,1,2,Lost
17069,2011-11-11 17:13:00,9,2709.7000000000007,28,3,4,4,Champions
13065,2010-12-01 16:52:00,1,205.85999999999999,373,1,1,1,Lost
14606,2011-12-08 19:28:00,93,12156.65000000007,1,4,4,4,Champions
16835,2011-08-03 13:50:00,2,180.85000000000002,128,2,2,1,Needs Attention
15235,2011-05-06 09:44:00,12,2247.5099999999998,218,1,4,4,At Risk
13576,2011-11-29 15:34:00,18,6717.340000000001,10,4,4,4,Champions
18011,2010-12-01 17:35:00,1,102.79,373,1,1,1,Lost
13090,2011-12-01 12:39:00,14,8910.82,9,4,4,4,Champions
15694,2011-12-09 09:44:00,14,6479.399999999998,1,4,4,4,Champions
14741,2011-11-28 08:48:00,6,1400.3400000000004,12,4,4,3,Champions
13715,2011-03-03 19:21:00,5,1079.3399999999997,281,1,3,3,At Risk
17732,2010-12-02 09:29:00,1,303.97,373,1,1,1,Lost
12855,2010-12-02 09:37:00,1,38.1,373,1,1,1,Lost
15752,2011-10-31 11:37:00,7,2637.3800000000024,40,3,4,4,Champions
17855,2010-12-02 09:44:00,1,208.96999999999997,373,1,1,1,Lost
14047,2011-12-01 11:43:00,5,1308.61,9,4,3,3,Champions
17925,2010-12-02 10:10:00,1,244.08,373,1,1,1,Lost
13941,2011-11-18 09:43:00,5,5112.96,22,3,3,4,Champions
17017,2011-12-07 09:32:00,20,8694.26,3,4,4,4,Champions
14135,2011-12-08 11:38:00,15,4690.31,2,4,4,4,Champions
13108,2010-12-02 10:35:00,1,350.05999999999995,373,1,1,2,Lost
15601,2011-11-28 15:15:00,14,6776.559999999997,11,4,4,4,Champions
13418,2011-11-28 10:23:00,18,6127.429999999998,12,4,4,4,Champions
15658,2011-06-02 15:22:00,5,1024.0999999999997,190,1,3,3,At Risk
14388,2011-11-29 13:32:00,8,3212.8400000000015,10,4,4,4,Champions
14901,2011-11-28 17:09:00,9,1421.2900000000004,11,4,4,3,Champions
18041,2011-11-28 11:39:00,21,4183.389999999995,12,4,4,4,Champions
15955,2011-11-15 14:15:00,14,4416.260000000002,24,3,4,4,Champions
15070,2010-12-02 11:23:00,1,106.2,373,1,1,1,Lost
16244,2011-05-12 10:18:00,2,1522.7499999999998,212,1,2,3,Lost
15111,2011-11-10 16:58:00,3,1567.4799999999998,29,3,3,3,Champions
14390,2011-11-29 13:49:00,9,4652.8200000000015,10,4,4,4,Champions
16546,2011-02-22 11:20:00,2,787.15,291,1,2,3,Lost
15260,2011-08-31 13:55:00,7,1810.77,100,2,4,4,Loyal Customers
13305,2011-12-05 15:15:00,10,2000.8599999999992,4,4,4,4,Champions
14491,2011-06-17 15:22:00,2,340.93,175,1,2,2,Lost
14060,2011-12-05 12:29:00,19,6140.419999999998,5,4,4,4,Champions
15923,2010-12-02 12:16:00,1,127.08000000000003,373,1,1,1,Lost
16752,2010-12-02 12:18:00,1,207.5,373,1,1,1,Lost
17287,2011-11-13 13:27:00,7,1064.1100000000001,26,3,4,3,Champions
15363,2010-12-02 12:28:00,1,326.0,373,1,1,2,Lost
12915,2011-07-14 11:34:00,2,363.65,149,1,2,2,Lost
15544,2011-11-30 16:43:00,9,3546.709999999995,9,4,4,4,Champions
15738,2011-11-21 08:26:00,16,4812.419999999996,19,3,4,4,Champions
17381,2011-12-01 11:59:00,29,20275.60999999999,9,4,4,4,Champions
15827,2011-09-27 15:35:00,14,1836.0900000000008,73,2,4,4,Loyal Customers
14180,2011-11-29 10:56:00,25,4748.519999999998,11,4,4,4,Champions
13117,2011-11-18 12:02:00,8,984.9099999999996,22,3,4,3,Champions
16916,2011-11-16 12:08:00,2,576.2600000000003,24,3,2,2,New / Promising
17964,2011-11-08 10:44:00,2,471.6999999999999,32,3,2,2,New / Promising
14466,2011-11-10 14:07:00,7,2272.4000000000015,29,3,4,4,Champions
17235,2011-11-14 15:51:00,2,550.0600000000001,25,3,2,2,New / Promising
16510,2010-12-02 13:39:00,1,248.10000000000002,372,1,1,1,Lost
17802,2011-09-18 14:56:00,3,1285.0399999999997,82,2,3,3,Loyal Customers
15107,2011-02-01 14:46:00,6,319.5,311,1,4,2,At Risk
17976,2010-12-02 13:49:00,1,353.18999999999994,372,1,1,2,Lost
14449,2011-11-21 12:06:00,4,907.0999999999999,19,3,3,3,Champions
16781,2010-12-02 14:26:00,1,311.24999999999994,372,1,1,2,Lost
13491,2011-10-19 08:32:00,10,1215.82,52,2,4,3,Loyal Customers
16186,2011-11-17 12:43:00,12,4006.9400000000032,23,3,4,4,Champions
17685,2011-11-23 11:36:00,7,3191.5299999999993,17,4,4,4,Champions
17581,2011-12-09 12:21:00,25,11045.039999999988,1,4,4,4,Champions
15732,2011-05-11 14:24:00,2,294.11999999999995,212,1,2,1,Lost
13138,2011-11-17 16:51:00,6,962.3900000000001,22,3,4,3,Champions
15823,2010-12-02 15:08:00,1,15.0,372,1,1,1,Lost
17567,2011-12-02 15:48:00,8,4331.48,7,4,4,4,Champions
15061,2011-12-06 12:06:00,48,54534.140000000014,4,4,4,4,Champions
16203,2011-10-12 12:31:00,4,592.9,59,2,3,2,Loyal Customers
15640,2011-12-05 14:35:00,15,12515.659999999982,4,4,4,4,Champions
15574,2011-06-15 12:01:00,4,702.2500000000001,178,1,3,3,At Risk
16770,2011-10-13 12:21:00,5,770.1000000000006,58,2,3,3,Loyal Customers
17838,2011-11-13 11:20:00,5,2779.2999999999997,27,3,3,4,Champions
17228,2011-11-24 10:24:00,8,1906.0900000000015,16,4,4,4,Champions
14829,2011-11-10 16:16:00,4,697.55,29,3,3,3,Champions
17412,2011-12-07 11:36:00,7,1258.0600000000002,3,4,4,3,Champions
14031,2011-12-02 17:13:00,19,17286.859999999997,7,4,4,4,Champions
14775,2011-10-12 15:27:00,3,1011.9,58,2,3,3,Loyal Customers
12971,2011-12-06 12:20:00,86,11189.909999999996,4,4,4,4,Champions
17659,2011-11-22 13:29:00,12,2999.460000000001,17,4,4,4,Champions
15299,2011-10-03 14:19:00,7,4507.01,67,2,4,4,Loyal Customers
15646,2011-07-05 09:53:00,3,447.63999999999993,158,1,3,2,At Risk
13402,2011-08-04 15:51:00,2,621.2300000000002,127,2,2,2,Needs Attention
17757,2011-12-08 15:31:00,30,5605.289999999994,1,4,4,4,Champions
13011,2010-12-02 17:22:00,1,50.550000000000004,372,1,1,1,Lost
13798,2011-12-08 15:51:00,57,37153.84999999998,1,4,4,4,Champions
16754,2010-12-02 17:38:00,1,2002.4,372,1,1,4,Lost
16634,2011-05-01 12:09:00,2,217.9,223,1,2,1,Lost
18239,2011-05-05 12:38:00,5,1561.6099999999997,219,1,3,3,At Risk
14576,2010-12-02 17:51:00,1,35.400000000000006,372,1,1,1,Lost
13145,2011-10-31 12:45:00,4,618.52,40,3,3,2,Loyal Customers
18168,2011-06-16 19:21:00,6,1169.94,176,1,4,3,At Risk
14395,2011-12-07 14:34:00,9,3507.710000000001,2,4,4,4,Champions
14865,2011-12-02 16:25:00,2,52.2,7,4,2,1,New / Promising
15093,2011-11-21 13:09:00,6,4597.019999999998,18,4,4,4,Champions
12738,2010-12-02 18:27:00,1,155.35,372,1,1,1,Lost
16150,2011-10-28 12:39:00,5,2053.019999999999,43,3,3,4,Champions
17552,2011-10-10 17:00:00,4,930.41,60,2,3,3,Loyal Customers
14236,2011-09-20 09:13:00,2,490.86,81,2,2,2,Needs Attention
17961,2011-11-18 16:55:00,39,1296.4400000000012,21,3,4,3,Champions
14573,2011-06-13 11:15:00,9,1653.4200000000017,180,1,4,3,At Risk
17135,2011-11-23 16:48:00,7,1139.7299999999998,16,4,4,3,Champions
17396,2011-10-31 14:12:00,8,7330.800000000001,39,3,4,4,Champions
12967,2010-12-16 19:10:00,2,1660.9,358,1,2,3,Lost
12686,2010-12-03 09:51:00,1,89.14,372,1,1,1,Lost
13370,2010-12-03 10:26:00,1,754.8700000000003,372,1,1,3,Lost
16883,2011-06-05 12:51:00,2,276.72999999999996,187,1,2,1,Lost
13520,2011-10-12 10:20:00,6,3624.349999999999,59,2,4,4,Loyal Customers
12841,2011-12-05 11:13:00,25,4022.3499999999967,5,4,4,4,Champions
16905,2011-12-04 14:01:00,7,3102.4300000000003,5,4,4,4,Champions
12427,2011-11-18 08:56:00,3,825.8000000000002,22,3,3,3,Champions
17967,2010-12-03 11:19:00,1,123.07000000000002,372,1,1,1,Lost
16891,2011-12-08 11:15:00,5,809.7000000000002,2,4,3,3,Champions
14589,2010-12-03 11:42:00,1,39.75,372,1,1,1,Lost
14156,2011-11-30 10:54:00,55,117379.6299999998,10,4,4,4,Champions
14680,2011-11-14 16:59:00,16,28754.11,25,3,4,4,Champions
17884,2011-12-06 11:33:00,4,717.4499999999994,4,4,3,3,Champions
12557,2011-11-23 16:59:00,5,11990.96,16,4,3,4,Champions
14083,2011-12-05 13:14:00,9,1018.4299999999998,4,4,4,3,Champions
13013,2011-12-08 15:01:00,13,4810.9400000000005,1,4,4,4,Champions
14210,2011-08-26 12:36:00,6,1905.8400000000001,106,2,4,4,Loyal Customers
16477,2011-10-07 09:44:00,7,2494.4600000000005,64,2,4,4,Loyal Customers
12600,2011-11-11 10:29:00,10,2599.0400000000004,29,3,4,4,Champions
16013,2011-12-06 10:36:00,47,37130.6,4,4,4,4,Champions
17949,2011-12-08 18:46:00,45,58510.48,1,4,4,4,Champions
12779,2011-11-02 11:43:00,8,3981.360000000003,38,3,4,4,Champions
16926,2010-12-03 13:42:00,1,230.25000000000003,371,1,1,1,Lost
17787,2011-07-10 11:24:00,4,1865.1899999999994,153,1,3,4,At Risk
12682,2011-12-06 10:00:00,31,12288.219999999998,4,4,4,4,Champions
14723,2011-11-29 15:23:00,6,1158.3,10,4,4,3,Champions
17954,2011-12-04 14:15:00,12,2332.7200000000007,5,4,4,4,Champions
17819,2011-09-29 10:52:00,7,3704.869999999999,72,2,4,4,Loyal Customers
12712,2011-11-11 08:19:00,13,4396.129999999999,29,3,4,4,Champions
15373,2011-12-01 15:05:00,12,2415.9100000000003,8,4,4,4,Champions
16140,2011-10-05 12:15:00,2,725.1800000000001,66,2,2,3,Needs Attention
17198,2011-11-16 10:39:00,3,692.2200000000001,24,3,3,3,Champions
17238,2011-12-07 11:35:00,17,3744.65,3,4,4,4,Champions
12793,2011-01-09 12:12:00,2,545.48,335,1,2,2,Lost
15769,2011-12-02 13:52:00,26,56252.72000000001,7,4,4,4,Champions
14396,2011-10-05 16:09:00,2,487.99,65,2,2,2,Needs Attention
14898,2011-11-16 14:54:00,6,1303.5199999999995,23,3,4,3,Champions
12725,2010-12-03 15:45:00,1,427.79999999999995,371,1,1,2,Lost
16725,2011-02-10 16:52:00,7,781.0200000000003,302,1,4,3,At Risk
12395,2011-11-20 15:21:00,12,3018.6299999999987,19,3,4,4,Champions
16455,2011-10-07 12:17:00,7,1841.1800000000005,64,2,4,4,Loyal Customers
13081,2011-11-28 10:54:00,11,28337.38000000005,12,4,4,4,Champions
15545,2011-10-16 13:24:00,2,292.7199999999999,54,2,2,1,Needs Attention
17243,2011-12-08 13:26:00,26,8676.849999999997,1,4,4,4,Champions
15465,2011-11-20 10:11:00,18,7354.62,20,3,4,4,Champions
13089,2011-12-07 09:02:00,97,58825.83000000013,3,4,4,4,Champions
16033,2011-12-04 12:44:00,20,8816.399999999987,6,4,4,4,Champions
13838,2011-12-04 11:00:00,4,691.7299999999999,6,4,3,3,Champions
18055,2011-12-02 14:25:00,10,6784.1900000000005,7,4,4,4,Champions
15038,2011-10-12 11:33:00,6,705.4899999999997,59,2,4,3,Loyal Customers
18109,2011-12-08 11:36:00,26,8052.969999999997,2,4,4,4,Champions
13069,2011-12-09 08:39:00,24,4436.119999999994,1,4,4,4,Champions
16241,2011-11-30 11:08:00,13,2607.8700000000067,10,4,4,4,Champions
14800,2011-10-23 12:46:00,12,4339.739999999999,48,3,4,4,Champions
15708,2011-10-30 10:54:00,7,3364.2399999999984,41,3,4,4,Champions
16839,2011-12-01 09:03:00,34,16594.34999999998,9,4,4,4,Champions
16168,2011-11-29 12:45:00,27,3787.600000000001,11,4,4,4,Champions
16931,2011-12-04 13:15:00,21,4604.2199999999875,5,4,4,4,Champions
16814,2011-11-25 13:27:00,21,6509.100000000003,14,4,4,4,Champions
15351,2011-11-27 12:52:00,7,1960.110000000001,12,4,4,4,Champions
13269,2011-12-08 14:53:00,15,5346.23,1,4,4,4,Champions
14813,2010-12-05 11:57:00,2,155.42999999999998,370,1,2,1,Lost
12567,2011-11-17 11:02:00,10,9401.279999999993,23,3,4,4,Champions
17062,2011-01-30 11:01:00,4,538.37,314,1,3,2,At Risk
15332,2010-12-08 14:43:00,4,1661.06,366,1,3,3,At Risk
14810,2011-10-30 11:19:00,11,2087.879999999999,41,3,4,4,Champions
16353,2011-12-06 12:23:00,23,6675.709999999997,4,4,4,4,Champions
18118,2011-11-29 11:32:00,26,5653.819999999971,11,4,4,4,Champions
13831,2011-11-23 15:41:00,6,2202.99,16,4,4,4,Champions
13506,2011-01-27 13:53:00,2,458.52000000000004,316,1,2,2,Lost
17796,2011-10-30 15:38:00,4,697.9000000000002,40,3,3,3,Champions
15716,2011-07-17 11:59:00,4,1118.8100000000004,146,1,3,3,At Risk
18156,2011-11-27 12:24:00,2,734.94,13,4,2,3,New / Promising
16983,2011-11-27 12:10:00,7,1931.2499999999998,13,4,4,4,Champions
17059,2011-11-10 12:27:00,5,3095.0399999999995,30,3,3,4,Champions
16327,2011-11-25 13:23:00,6,3844.22,14,4,4,4,Champions
17211,2011-11-13 12:03:00,8,2317.220000000001,27,3,4,4,Champions
17026,2011-06-07 14:28:00,2,154.82999999999998,185,1,2,1,Lost
15570,2011-12-02 14:47:00,12,4165.52,7,4,4,4,Champions
15880,2010-12-05 13:00:00,1,343.28,369,1,1,2,Lost
16718,2010-12-05 13:03:00,1,623.7500000000002,369,1,1,2,Lost
15808,2011-02-06 14:33:00,4,3734.970000000001,306,1,3,4,At Risk
17858,2011-12-04 11:56:00,12,5155.659999999998,6,4,4,4,Champions
16393,2011-12-07 12:51:00,13,3046.2100000000014,2,4,4,4,Champions
14527,2011-12-07 12:19:00,55,8508.81999999996,3,4,4,4,Champions
14161,2011-05-08 11:41:00,3,1110.52,216,1,3,3,At Risk
17863,2011-10-11 13:45:00,6,3159.9999999999995,59,2,4,4,Loyal Customers
16411,2011-11-20 13:23:00,2,214.64999999999998,19,3,2,1,New / Promising
16402,2011-03-20 12:25:00,2,299.59999999999997,265,1,2,1,Lost
15023,2011-12-06 17:23:00,11,6802.759999999989,3,4,4,4,Champions
17402,2011-12-05 10:15:00,13,2633.85,5,4,4,4,Champions
15426,2011-11-20 15:36:00,5,1447.39,19,3,3,3,Champions
12647,2011-11-17 12:56:00,12,3722.820000000001,22,3,4,4,Champions
15894,2011-03-31 13:50:00,2,263.54999999999995,253,1,2,1,Lost
15867,2011-12-04 13:32:00,15,3812.6399999999985,5,4,4,4,Champions
12472,2011-11-07 14:01:00,7,6572.110000000003,32,3,4,4,Champions
14506,2011-11-22 13:02:00,5,2012.1700000000012,17,4,3,4,Champions
15555,2011-11-27 16:19:00,16,4805.169999999989,12,4,4,4,Champions
13034,2011-10-16 12:21:00,2,642.77,55,2,2,2,Needs Attention
15889,2011-07-06 11:10:00,2,446.8699999999998,157,1,2,2,Lost
15953,2011-11-24 15:32:00,8,1659.3799999999999,15,4,4,3,Champions
16143,2011-12-06 14:13:00,6,2424.939999999999,3,4,4,4,Champions
12720,2011-12-07 08:03:00,25,5781.730000000001,3,4,4,4,Champions
16422,2011-11-22 14:00:00,51,34684.400000000016,17,4,4,4,Champions
12747,2011-12-07 14:34:00,11,4196.010000000001,2,4,4,4,Champions
15502,2011-11-24 12:48:00,12,10384.93,16,4,4,4,Champions
12763,2011-07-24 14:12:00,2,494.08,138,2,2,2,Needs Attention
14081,2011-02-10 16:17:00,2,934.5200000000001,302,1,2,3,Lost
17965,2011-11-02 09:31:00,14,2622.569999999998,38,3,4,4,Champions
14404,2011-11-06 12:30:00,6,1474.3200000000004,34,3,4,3,Champions
13579,2011-11-25 08:41:00,2,467.03999999999996,15,4,2,2,New / Promising
13174,2011-11-23 14:35:00,3,2817.0300000000007,16,4,3,4,Champions
15987,2011-11-27 15:38:00,7,1451.2800000000004,12,4,4,3,Champions
17677,2011-12-08 09:56:00,30,16363.229999999998,2,4,4,4,Champions
13652,2011-10-25 08:51:00,3,1095.08,46,3,3,3,Champions
17428,2011-12-09 09:45:00,28,17256.850000000002,1,4,4,4,Champions
16858,2010-12-06 09:52:00,1,375.69000000000005,369,1,1,2,Lost
16161,2011-12-08 12:10:00,19,5575.559999999998,2,4,4,4,Champions
18219,2011-12-07 11:43:00,10,2069.7700000000004,3,4,4,4,Champions
14293,2011-12-06 15:17:00,4,1046.5599999999993,3,4,3,3,Champions
14748,2011-11-10 18:33:00,5,1415.7499999999995,29,3,3,3,Champions
16638,2011-11-17 11:09:00,10,1680.7199999999998,23,3,4,4,Champions
17674,2011-09-26 13:35:00,2,551.0400000000001,74,2,2,2,Needs Attention
12808,2011-11-03 10:05:00,3,483.65000000000015,37,3,3,2,Loyal Customers
13094,2011-11-18 14:07:00,12,1927.3200000000002,21,3,4,4,Champions
15899,2010-12-06 10:36:00,1,56.25,369,1,1,1,Lost
12708,2011-11-10 09:52:00,10,2712.9100000000008,30,3,4,4,Champions
15898,2011-12-08 15:23:00,5,1388.8799999999999,1,4,3,3,Champions
14443,2011-10-17 10:10:00,4,1420.2000000000005,54,2,3,3,Loyal Customers
17691,2010-12-16 17:20:00,2,290.40000000000003,358,1,2,1,Lost
17227,2011-11-21 10:51:00,6,939.32,19,3,4,3,Champions
15039,2011-11-30 11:31:00,47,19914.439999999966,10,4,4,4,Champions
15919,2011-11-20 11:28:00,2,639.89,20,3,2,2,New / Promising
13497,2011-03-02 09:04:00,2,348.04999999999995,283,1,2,2,Lost
15860,2011-10-30 11:25:00,8,977.2099999999992,41,3,4,3,Champions
14189,2011-12-07 15:55:00,15,4654.079999999998,2,4,4,4,Champions
15304,2011-10-10 10:23:00,8,694.4000000000002,61,2,4,3,Loyal Customers
14344,2011-08-04 13:51:00,8,889.9300000000002,127,2,4,3,Loyal Customers
16719,2011-11-25 09:27:00,7,1790.4200000000008,15,4,4,4,Champions
15048,2011-10-05 14:55:00,4,384.04999999999984,65,2,3,2,Loyal Customers
15301,2011-10-20 09:57:00,12,5070.3499999999985,51,3,4,4,Champions
14708,2011-12-07 08:21:00,3,1126.37,3,4,3,3,Champions
16898,2011-11-13 15:44:00,3,508.8099999999997,26,3,3,2,Loyal Customers
14825,2011-12-06 11:38:00,12,2226.9099999999985,4,4,4,4,Champions
18113,2010-12-06 12:31:00,1,76.32000000000001,369,1,1,1,Lost
17596,2011-11-16 14:11:00,7,2827.929999999999,23,3,4,4,Champions
15078,2011-12-02 15:41:00,32,9743.110000000022,7,4,4,4,Champions
14085,2011-12-07 13:46:00,18,4448.539999999997,2,4,4,4,Champions
17860,2010-12-06 12:41:00,1,252.79999999999998,369,1,1,1,Lost
13155,2011-11-06 15:41:00,4,971.76,33,3,3,3,Champions
15028,2011-12-01 14:06:00,4,627.13,8,4,3,2,Loyal Customers
16919,2011-07-06 13:35:00,11,2596.4499999999994,156,1,4,4,At Risk
17259,2011-07-14 15:01:00,2,603.3699999999998,148,1,2,2,Lost
17019,2011-11-28 13:06:00,4,1272.6100000000013,11,4,3,3,Champions
16722,2011-11-22 13:28:00,13,4730.81,17,4,4,4,Champions
15882,2011-05-25 11:35:00,4,516.3599999999999,199,1,3,2,At Risk
14667,2011-11-29 11:30:00,25,9241.200000000004,11,4,4,4,Champions
16710,2011-11-20 14:50:00,10,2483.04,19,3,4,4,Champions
15984,2011-12-07 12:16:00,10,2837.6700000000005,3,4,4,4,Champions
14487,2011-11-13 12:17:00,6,1196.3300000000002,27,3,4,3,Champions
17682,2011-11-29 15:59:00,6,2474.3300000000004,10,4,4,4,Champions
16658,2010-12-06 13:47:00,1,123.24,368,1,1,1,Lost
16550,2011-08-23 11:12:00,5,2298.9699999999984,109,2,3,4,Loyal Customers
17068,2011-11-27 13:14:00,21,4552.140000000004,12,4,4,4,Champions
15356,2011-11-08 13:11:00,10,2766.499999999999,31,3,4,4,Champions
17223,2011-02-02 15:57:00,2,426.78999999999985,310,1,2,2,Lost
16817,2011-12-07 11:03:00,9,1604.7500000000005,3,4,4,3,Champions
13030,2011-11-28 14:30:00,2,799.4800000000001,11,4,2,3,New / Promising
17191,2011-11-11 16:58:00,7,2095.1300000000015,28,3,4,4,Champions
15194,2011-12-06 15:10:00,15,7616.529999999996,3,4,4,4,Champions
14409,2011-09-29 18:18:00,6,2059.45,71,2,4,4,Loyal Customers
16654,2011-07-21 15:23:00,4,601.2699999999999,141,2,3,2,Loyal Customers
13495,2011-12-02 11:21:00,5,2044.8699999999997,8,4,3,4,Champions
17519,2011-11-22 16:43:00,6,1844.0200000000002,17,4,4,4,Champions
17218,2011-12-05 13:52:00,10,1960.7200000000003,4,4,4,4,Champions
17812,2011-11-27 11:47:00,4,732.1600000000001,13,4,3,3,Champions
14215,2011-11-28 12:19:00,6,1789.7200000000005,12,4,4,4,Champions
15602,2011-12-01 14:14:00,9,1297.8700000000003,8,4,4,3,Champions
17320,2011-08-31 13:31:00,3,1200.6199999999997,100,2,3,3,Loyal Customers
12913,2011-12-05 12:11:00,5,2483.6299999999997,5,4,3,4,Champions
17869,2011-08-24 16:16:00,5,428.1799999999999,107,2,3,2,Loyal Customers
13564,2011-07-18 14:33:00,3,1749.0200000000004,144,1,3,4,At Risk
13963,2011-02-04 14:43:00,4,664.54,308,1,3,2,At Risk
17450,2011-12-01 13:29:00,46,194550.79000000007,8,4,4,4,Champions
17091,2011-12-07 10:43:00,9,3827.760000000002,3,4,4,4,Champions
17470,2011-10-26 12:42:00,5,1125.0700000000002,45,3,3,3,Champions
17616,2011-06-19 10:11:00,3,571.2,174,1,3,2,At Risk
15649,2011-01-07 13:34:00,2,816.0,336,1,2,3,Lost
12681,2011-11-25 11:33:00,22,13787.54,15,4,4,4,Champions
14907,2011-12-06 14:14:00,7,3501.0999999999976,3,4,4,4,Champions
17735,2011-12-07 16:47:00,19,13110.019999999991,2,4,4,4,Champions
16059,2011-10-05 09:56:00,6,1459.8600000000008,66,2,4,3,Loyal Customers
17720,2011-11-13 15:04:00,4,1195.94,26,3,3,3,Champions
15018,2011-11-01 12:47:00,3,496.21,39,3,3,2,Loyal Customers
15838,2011-11-28 14:00:00,19,33643.08,11,4,4,4,Champions
14733,2011-11-23 15:39:00,12,9585.909999999998,16,4,4,4,Champions
13756,2011-12-07 16:44:00,14,5189.519999999995,2,4,4,4,Champions
14176,2011-02-15 13:12:00,4,576.9,297,1,3,2,At Risk
15353,2011-03-30 12:15:00,2,777.02,255,1,2,3,Lost
18119,2010-12-07 11:59:00,1,181.11999999999998,368,1,1,1,Lost
17491,2011-12-08 16:18:00,10,3558.8700000000003,1,4,4,4,Champions
14282,2011-12-06 17:04:00,15,3729.3400000000042,3,4,4,4,Champions
13569,2011-11-22 13:07:00,2,373.74999999999994,17,4,2,2,New / Promising
14673,2011-12-06 14:31:00,5,1736.3999999999994,3,4,3,4,Champions
13488,2011-11-22 14:41:00,13,8968.309999999996,17,4,4,4,Champions
16221,2011-11-03 11:43:00,3,864.86,37,3,3,3,Champions
15002,2011-08-16 10:44:00,4,1641.7599999999998,116,2,3,3,Loyal Customers
15965,2011-11-22 16:44:00,4,845.6399999999999,17,4,3,3,Champions
15024,2011-11-30 12:06:00,10,1661.3300000000006,10,4,4,3,Champions
17675,2011-12-08 18:03:00,31,20374.27999999997,1,4,4,4,Champions
13769,2011-12-07 15:08:00,10,2796.5099999999993,2,4,4,4,Champions
16904,2011-12-05 13:10:00,16,3754.2699999999986,4,4,4,4,Champions
16086,2011-10-11 13:09:00,5,1121.39,59,2,3,3,Loyal Customers
13786,2010-12-07 13:53:00,1,230.4,367,1,1,1,Lost
13880,2011-11-18 13:44:00,13,3219.7700000000004,21,3,4,4,Champions
13173,2011-12-05 15:51:00,2,353.65000000000003,4,4,2,2,New / Promising
15858,2011-11-24 12:48:00,5,1438.8500000000008,16,4,3,3,Champions
15180,2010-12-07 14:57:00,1,87.5,367,1,1,1,Lost
12347,2011-12-07 15:52:00,7,4309.999999999997,2,4,4,4,Champions
14739,2011-12-05 16:54:00,7,3902.28,4,4,4,4,Champions
16293,2011-11-18 09:58:00,10,2248.9900000000002,22,3,4,4,Champions
17419,2011-11-28 13:47:00,12,4226.57,11,4,4,4,Champions
16775,2011-11-29 15:22:00,11,1695.660000000002,10,4,4,4,Champions
16306,2011-05-10 12:12:00,6,632.2700000000001,214,1,4,2,At Risk
16950,2011-10-14 09:06:00,3,1178.56,57,2,3,3,Loyal Customers
17591,2011-09-27 13:42:00,7,2225.9700000000007,73,2,4,4,Loyal Customers
12839,2011-12-07 12:33:00,14,5591.420000000003,3,4,4,4,Champions
13807,2010-12-07 15:48:00,1,112.6,367,1,1,1,Lost
16125,2010-12-07 15:48:00,1,289.35,367,1,1,1,Lost
15081,2011-11-17 17:08:00,5,504.7999999999999,22,3,3,2,Loyal Customers
18102,2011-12-09 11:50:00,60,259657.30000000005,1,4,4,4,Champions
16365,2011-11-22 11:24:00,9,1540.4200000000005,18,4,4,3,Champions
17870,2011-12-07 15:07:00,12,1894.3500000000017,2,4,4,4,Champions
14821,2010-12-08 08:43:00,1,48.800000000000004,367,1,1,1,Lost
16863,2011-11-08 15:26:00,2,502.8,31,3,2,2,New / Promising
13078,2011-12-06 15:36:00,26,12627.94,3,4,4,4,Champions
13267,2011-12-07 11:12:00,19,4521.490000000001,3,4,4,4,Champions
13050,2011-11-25 09:18:00,17,5836.86,15,4,4,4,Champions
12709,2011-11-24 15:38:00,15,9736.519999999991,15,4,4,4,Champions
15628,2011-12-05 10:24:00,9,2870.2400000000002,5,4,4,4,Champions
12386,2011-01-06 12:37:00,2,401.90000000000003,338,1,2,2,Lost
16779,2011-12-07 14:54:00,22,10629.719999999988,2,4,4,4,Champions
13599,2011-12-08 16:10:00,21,5153.669999999998,1,4,4,4,Champions
13329,2011-11-08 10:29:00,2,789.0,32,3,2,3,New / Promising
18077,2011-12-01 13:32:00,11,2633.009999999999,8,4,4,4,Champions
14744,2011-11-23 12:51:00,7,1099.98,16,4,4,3,Champions
17406,2011-01-10 15:07:00,3,2200.42,333,1,3,4,At Risk
15750,2011-12-07 12:34:00,8,2465.479999999999,3,4,4,4,Champions
13983,2011-11-10 11:06:00,12,2603.43,30,3,4,4,Champions
13842,2011-10-12 10:51:00,9,3385.619999999999,59,2,4,4,Loyal Customers
14796,2011-12-08 15:31:00,17,8022.489999999978,1,4,4,4,Champions
12441,2010-12-08 10:45:00,1,173.55,367,1,1,1,Lost
13199,2011-12-06 12:30:00,38,9817.120000000003,4,4,4,4,Champions
14032,2011-12-07 15:23:00,11,2975.5900000000006,2,4,4,4,Champions
17706,2011-12-05 13:34:00,17,10504.489999999994,4,4,4,4,Champions
16081,2011-10-14 13:06:00,5,2806.9000000000005,56,2,3,4,Loyal Customers
16525,2011-12-07 15:07:00,26,13027.450000000008,2,4,4,4,Champions
17975,2011-11-24 13:27:00,13,4488.810000000001,15,4,4,4,Champions
16122,2011-09-27 15:34:00,4,684.42,73,2,3,3,Loyal Customers
13126,2011-12-05 10:00:00,8,2099.6399999999994,5,4,4,4,Champions
15973,2010-12-08 11:42:00,1,307.82,367,1,1,2,Lost
16558,2011-12-09 10:20:00,20,8338.490000000013,1,4,4,4,Champions
16893,2010-12-08 12:06:00,1,145.93000000000004,367,1,1,1,Lost
15021,2011-12-01 11:53:00,9,1914.8200000000024,9,4,4,4,Champions
15529,2011-11-17 11:29:00,11,3995.2299999999973,23,3,4,4,Champions
15498,2011-12-07 12:48:00,27,13316.399999999992,3,4,4,4,Champions
18043,2011-11-15 12:48:00,3,559.5099999999996,25,3,3,2,Loyal Customers
16016,2011-12-06 14:35:00,8,1508.7600000000014,3,4,4,3,Champions
17722,2011-09-04 15:22:00,4,2424.039999999999,96,2,3,4,Loyal Customers
17324,2011-11-22 10:34:00,4,990.2300000000002,18,4,3,3,Champions
17341,2011-07-06 12:33:00,3,781.3600000000001,157,1,3,3,At Risk
14051,2011-12-09 10:20:00,23,15610.389999999989,1,4,4,4,Champions
16233,2011-09-29 17:27:00,3,536.68,71,2,3,2,Loyal Customers
16385,2011-10-10 13:12:00,3,555.8899999999999,60,2,3,2,Loyal Customers
15032,2011-03-28 15:03:00,3,4959.0999999999985,256,1,3,4,At Risk
16713,2011-11-21 12:36:00,15,6923.130000000008,19,3,4,4,Champions
17213,2011-10-30 14:53:00,7,2781.2299999999977,40,3,4,4,Champions
18061,2011-11-18 11:20:00,10,2119.4099999999994,22,3,4,4,Champions
15916,2011-11-23 13:46:00,8,1528.0900000000006,16,4,4,3,Champions
15221,2010-12-08 13:08:00,1,403.25,366,1,1,2,Lost
13455,2011-11-15 11:21:00,2,1058.34,25,3,2,3,New / Promising
13113,2011-12-09 12:49:00,24,12245.960000000003,1,4,4,4,Champions
14217,2011-12-08 11:53:00,17,2004.9800000000002,2,4,4,4,Champions
17262,2011-10-18 12:56:00,5,1253.3600000000001,52,2,3,3,Loyal Customers
18259,2011-11-15 12:34:00,3,2338.600000000001,25,3,3,4,Champions
17676,2011-12-05 15:16:00,6,1387.6800000000005,4,4,4,3,Champions
16679,2010-12-08 13:51:00,1,129.75,366,1,1,1,Lost
18269,2010-12-08 13:53:00,1,168.6,366,1,1,1,Lost
12766,2011-12-06 08:46:00,7,6989.629999999999,4,4,4,4,Champions
15298,2011-12-07 17:17:00,12,4799.900000000001,2,4,4,4,Champions
13523,2011-11-06 15:11:00,5,3964.8800000000006,33,3,3,4,Champions
15005,2011-11-24 12:25:00,28,6316.569999999991,16,4,4,4,Champions
15581,2011-08-11 09:38:00,13,3679.9700000000003,121,2,4,4,Loyal Customers
15680,2011-11-30 13:46:00,3,1333.6800000000003,9,4,3,3,Champions
13649,2011-03-28 11:51:00,2,346.6000000000001,257,1,2,2,Lost
17894,2011-09-29 09:23:00,8,1119.8100000000004,72,2,4,3,Loyal Customers
13270,2010-12-08 14:53:00,1,590.0,366,1,1,2,Lost
14866,2011-11-29 11:45:00,12,14389.900000000007,11,4,4,4,Champions
13077,2011-12-08 19:24:00,4,729.2700000000001,1,4,3,3,Champions
13531,2011-05-18 16:56:00,2,483.8000000000001,205,1,2,2,Lost
13848,2011-09-08 12:58:00,3,1255.0,92,2,3,3,Loyal Customers
13140,2011-08-23 15:33:00,3,423.71999999999997,108,2,3,2,Loyal Customers
15713,2011-07-19 13:34:00,2,356.7,143,1,2,2,Lost
17999,2011-11-02 15:56:00,2,382.05999999999995,37,3,2,2,New / Promising
15347,2010-12-08 15:25:00,1,201.59999999999997,366,1,1,1,Lost
14766,2011-12-01 16:05:00,6,2473.37,8,4,4,4,Champions
17340,2011-11-10 10:45:00,11,12353.289999999999,30,3,4,4,Champions
13984,2011-11-13 12:38:00,5,920.5100000000001,27,3,4,3,Champions
15996,2011-09-12 15:14:00,6,1060.6799999999994,88,2,4,3,Loyal Customers
14030,2011-11-21 16:48:00,8,2360.0899999999997,18,4,4,4,Champions
16596,2011-11-24 10:02:00,2,250.15,16,4,2,1,New / Promising
16700,2011-12-01 11:00:00,13,5076.550000000002,9,4,4,4,Champions
16011,2011-12-01 16:31:00,16,3362.7100000000023,8,4,4,4,Champions
17655,2011-11-29 11:34:00,7,2638.9400000000023,11,4,4,4,Champions
16717,2011-11-16 12:16:00,6,3858.379999999999,24,3,4,4,Champions
14243,2011-12-01 11:12:00,10,2588.769999999999,9,4,4,4,Champions
12963,2011-12-01 12:55:00,8,1856.6299999999997,8,4,4,4,Champions
15079,2011-05-11 12:45:00,4,895.61,213,1,3,3,At Risk
14437,2010-12-09 09:27:00,1,63.0,366,1,1,1,Lost
12942,2011-07-31 14:39:00,3,683.9000000000001,131,2,3,3,Loyal Customers
15660,2011-11-14 16:58:00,9,1600.86,25,3,4,3,Champions
18092,2011-12-07 13:14:00,11,9068.260000000002,2,4,4,4,Champions
15358,2011-12-05 09:04:00,22,8347.199999999992,5,4,4,4,Champions
13319,2011-12-04 13:34:00,26,10845.549999999988,5,4,4,4,Champions
12481,2011-11-17 08:29:00,10,5596.320000000002,23,3,4,4,Champions
12621,2011-12-08 11:25:00,20,13689.67,2,4,4,4,Champions
14299,2011-12-01 16:05:00,9,3965.6199999999953,8,4,4,4,Champions
18071,2011-03-27 11:59:00,2,453.0,258,1,2,2,Lost
12683,2011-12-05 16:31:00,15,8476.569999999998,4,4,4,4,Champions
12755,2011-03-04 12:42:00,2,3811.9499999999994,281,1,2,4,Lost
13854,2011-12-01 09:06:00,25,8109.5199999999995,9,4,4,4,Champions
12797,2010-12-09 10:55:00,1,254.03,366,1,1,1,Lost
16782,2011-11-29 13:20:00,13,2279.9,10,4,4,4,Champions
13369,2010-12-09 11:30:00,1,308.28000000000003,366,1,1,2,Lost
12494,2011-11-24 09:34:00,7,1246.1000000000006,16,4,4,3,Champions
17857,2011-12-05 13:13:00,23,26879.039999999997,4,4,4,4,Champions
14932,2010-12-09 11:48:00,1,363.53,366,1,1,2,Lost
12429,2011-11-30 17:22:00,4,3750.400000000001,9,4,3,4,Champions
14987,2011-11-24 09:59:00,2,326.4,16,4,2,2,New / Promising
14355,2010-12-09 12:16:00,1,174.4,366,1,1,1,Lost
17526,2011-12-05 11:05:00,4,1195.8999999999999,5,4,3,3,Champions
14896,2011-05-19 10:20:00,2,468.77,205,1,2,2,Lost
14440,2011-12-01 15:42:00,5,2357.6800000000003,8,4,4,4,Champions
13240,2011-09-04 14:08:00,4,663.6500000000001,96,2,3,2,Loyal Customers
14479,2011-03-31 09:07:00,2,316.24999999999994,254,1,2,2,Lost
16065,2010-12-09 13:03:00,1,372.0900000000001,365,1,1,2,Lost
17430,2011-11-07 09:24:00,2,265.76000000000005,33,3,2,1,New / Promising
16520,2011-06-06 13:24:00,3,1046.5700000000004,186,1,3,3,At Risk
15945,2010-12-09 13:14:00,1,181.0,365,1,1,1,Lost
15856,2011-12-05 17:09:00,27,16387.570000000003,4,4,4,4,Champions
13102,2011-12-08 12:52:00,24,6424.090000000001,1,4,4,4,Champions
15271,2011-12-02 14:11:00,15,2507.070000000002,7,4,4,4,Champions
13982,2011-10-31 16:24:00,4,1871.81,39,3,3,4,Champions
15288,2011-10-27 16:58:00,5,2306.519999999999,43,3,4,4,Champions
17978,2010-12-09 14:05:00,1,300.91999999999996,365,1,1,1,Lost
16795,2010-12-09 14:08:00,1,414.88000000000005,365,1,1,2,Lost
16519,2011-11-14 15:41:00,2,215.08,25,3,2,1,New / Promising
17816,2011-11-03 11:34:00,4,36.55999999999999,37,3,3,1,Loyal Customers
16255,2011-11-23 12:40:00,8,2619.91,17,4,4,4,Champions
17671,2011-11-24 12:21:00,4,1572.7100000000005,16,4,3,3,Champions
17646,2011-05-04 13:17:00,3,1008.3899999999999,219,1,3,3,At Risk
12872,2011-01-17 10:52:00,2,599.9699999999998,327,1,2,2,Lost
17339,2011-09-06 13:29:00,2,243.36,94,2,2,1,Needs Attention
17097,2011-12-07 17:05:00,8,954.4199999999997,2,4,4,3,Champions
15192,2011-08-12 11:41:00,3,1044.3200000000004,120,2,3,3,Loyal Customers
15380,2011-12-01 12:13:00,5,1690.26,9,4,4,4,Champions
17950,2011-09-28 15:18:00,3,482.2,72,2,3,2,Loyal Customers
12826,2011-12-07 10:25:00,7,1474.7199999999993,3,4,4,3,Champions
17456,2010-12-09 15:23:00,1,249.85999999999999,365,1,1,1,Lost
15811,2011-11-17 15:31:00,6,2218.6199999999994,22,3,4,4,Champions
13327,2011-11-01 10:21:00,8,3627.769999999998,39,3,4,4,Champions
18225,2011-12-06 13:27:00,12,5509.12,3,4,4,4,Champions
15211,2011-10-10 13:31:00,2,894.41,60,2,2,3,Needs Attention
15596,2011-08-31 10:55:00,5,1406.5900000000004,101,2,4,3,Loyal Customers
16163,2011-04-21 15:15:00,2,856.6000000000001,232,1,2,3,Lost
16907,2011-11-10 18:04:00,5,981.6500000000001,29,3,4,3,Champions
17576,2011-12-01 17:56:00,19,3622.679999999998,8,4,4,4,Champions
14713,2011-11-30 16:26:00,11,2666.36,9,4,4,4,Champions
14702,2011-12-08 19:29:00,17,3292.139999999998,1,4,4,4,Champions
13230,2011-12-05 16:03:00,14,2806.9700000000007,4,4,4,4,Champions
13969,2011-12-02 15:11:00,18,9053.940000000002,7,4,4,4,Champions
17530,2011-12-08 18:42:00,10,2385.0000000000023,1,4,4,4,Champions
15805,2011-11-16 16:32:00,17,5528.479999999997,23,3,4,4,Champions
12471,2011-12-07 15:43:00,30,19824.049999999945,2,4,4,4,Champions
17696,2011-11-01 13:43:00,8,2285.7100000000014,38,3,4,4,Champions
17076,2011-11-03 17:53:00,3,841.08,36,3,3,3,Champions
17827,2011-12-04 15:00:00,5,1995.460000000001,5,4,4,4,Champions
16265,2011-11-30 16:41:00,9,5447.000000000003,9,4,4,4,Champions
17880,2010-12-10 10:21:00,1,458.91999999999985,365,1,1,2,Lost
13000,2011-08-25 10:43:00,3,534.8500000000001,107,2,3,2,Loyal Customers
16499,2010-12-14 13:31:00,2,365.45,360,1,2,2,Lost
17790,2011-11-13 11:30:00,14,1965.5500000000013,27,3,4,4,Champions
12731,2011-11-16 11:59:00,12,18895.910000000003,24,3,4,4,Champions
14419,2011-11-29 11:22:00,6,1058.0600000000002,11,4,4,3,Champions
14082,2010-12-10 11:02:00,1,182.24999999999997,365,1,1,1,Lost
17912,2011-02-02 14:25:00,5,311.01000000000005,310,1,4,2,At Risk
15723,2010-12-10 11:12:00,1,203.1,365,1,1,1,Lost
16656,2011-11-17 14:43:00,15,8625.800000000001,22,3,4,4,Champions
14037,2011-06-16 13:57:00,2,147.20000000000005,176,1,2,1,Lost
14256,2011-03-24 13:17:00,2,969.06,260,1,2,3,Lost
14543,2011-11-11 12:45:00,16,3630.330000000001,29,3,4,4,Champions
16062,2011-11-30 12:15:00,4,1153.6199999999992,10,4,3,3,Champions
18116,2011-10-03 11:00:00,8,1418.0300000000013,68,2,4,3,Loyal Customers
16019,2011-10-24 11:51:00,9,3786.239999999999,47,3,4,4,Champions
18178,2011-08-03 09:30:00,4,1590.8099999999997,129,2,3,3,Loyal Customers
18065,2011-12-04 10:30:00,14,2392.830000000001,6,4,4,4,Champions
14952,2011-10-11 10:33:00,11,8099.489999999998,60,2,4,4,Loyal Customers
13148,2011-11-10 15:23:00,12,3707.120000000001,29,3,4,4,Champions
12989,2011-12-06 15:28:00,15,6924.109999999996,3,4,4,4,Champions
14107,2011-10-19 12:12:00,7,2703.23,52,2,4,4,Loyal Customers
15881,2011-01-31 16:59:00,5,501.39,312,1,4,2,At Risk
12785,2010-12-10 13:48:00,1,311.95,364,1,1,2,Lost
16727,2010-12-10 13:48:00,1,272.81999999999994,364,1,1,1,Lost
15514,2011-11-27 14:40:00,11,4139.460000000002,12,4,4,4,Champions
13787,2011-09-25 12:06:00,2,309.04,76,2,2,2,Needs Attention
17865,2011-11-09 12:08:00,20,10526.319999999998,31,3,4,4,Champions
17220,2011-11-15 13:47:00,14,3198.2500000000027,24,3,4,4,Champions
16565,2010-12-10 15:21:00,1,173.7,364,1,1,1,Lost
16873,2011-12-05 12:05:00,6,7123.619999999998,5,4,4,4,Champions
14062,2011-11-30 10:04:00,12,10464.85,10,4,4,4,Champions
18016,2011-11-07 13:25:00,5,1483.56,32,3,4,3,Champions
14448,2011-11-30 13:50:00,2,375.35,9,4,2,2,New / Promising
15503,2010-12-12 10:57:00,1,147.09000000000003,363,1,1,1,Lost
17251,2010-12-12 11:06:00,1,283.28,363,1,1,1,Lost
16923,2011-11-27 13:00:00,19,7247.60999999998,12,4,4,4,Champions
14159,2011-11-20 12:36:00,11,4693.00999999999,20,3,4,4,Champions
14577,2011-11-27 12:47:00,4,859.7100000000011,13,4,3,3,Champions
17126,2011-07-10 13:52:00,5,1004.7499999999999,152,1,4,3,At Risk
12753,2011-11-17 10:52:00,6,21429.39,23,3,4,4,Champions
17236,2011-11-27 12:00:00,6,916.1300000000002,13,4,4,3,Champions
17372,2011-10-30 11:37:00,8,1342.6800000000012,41,3,4,3,Champions
16367,2011-11-02 13:13:00,2,804.4899999999994,37,3,2,3,New / Promising
12875,2011-07-19 15:30:00,2,343.2300000000001,143,1,2,2,Lost
17917,2011-10-25 13:20:00,3,341.2799999999999,45,3,3,2,Loyal Customers
16010,2011-04-08 10:14:00,3,407.49999999999994,246,1,3,2,At Risk
17085,2011-08-08 14:15:00,5,1566.65,123,2,4,3,Loyal Customers
15224,2010-12-16 15:02:00,2,322.0799999999999,358,1,2,2,Lost
13668,2011-12-07 12:11:00,21,6363.589999999984,3,4,4,4,Champions
14684,2011-11-14 11:33:00,5,1236.2800000000013,26,3,4,3,Champions
17188,2011-11-28 13:53:00,7,2474.23,11,4,4,4,Champions
15547,2011-12-02 12:52:00,14,4954.839999999991,7,4,4,4,Champions
15998,2011-11-03 12:45:00,5,3089.969999999999,37,3,4,4,Champions
14413,2010-12-12 13:37:00,1,122.7,362,1,1,1,Lost
18004,2010-12-12 13:47:00,1,169.46999999999997,362,1,1,1,Lost
13959,2011-09-21 15:06:00,3,598.1999999999999,79,2,3,2,Loyal Customers
16665,2010-12-12 14:03:00,1,135.4,362,1,1,1,Lost
15454,2010-12-12 14:21:00,1,179.10000000000002,362,1,1,1,Lost
15044,2011-11-20 13:20:00,17,7700.229999999997,19,3,4,4,Champions
17937,2011-12-01 11:45:00,7,4301.22,9,4,4,4,Champions
14608,2011-12-05 16:52:00,4,1785.1499999999999,4,4,3,4,Champions
17618,2011-12-04 11:50:00,3,971.5800000000002,6,4,3,3,Champions
14505,2011-11-22 15:45:00,8,5905.639999999987,17,4,4,4,Champions
18037,2011-07-08 13:39:00,6,70.02,154,1,4,1,At Risk
13198,2011-11-29 15:17:00,6,3401.239999999997,10,4,4,4,Champions
12540,2011-11-20 11:31:00,17,13400.23999999999,20,3,4,4,Champions
13225,2011-12-06 13:29:00,7,6463.840000000002,3,4,4,4,Champions
15361,2010-12-13 09:52:00,1,418.9200000000001,362,1,1,2,Lost
15689,2011-08-12 09:37:00,2,254.1,120,2,2,1,Needs Attention
14290,2011-11-28 14:02:00,5,2314.6499999999996,11,4,4,4,Champions
13209,2011-11-09 13:54:00,8,5891.609999999999,30,3,4,4,Champions
13999,2011-11-29 13:40:00,12,3901.8100000000036,10,4,4,4,Champions
14498,2011-10-28 12:09:00,5,1957.3200000000004,43,3,4,4,Champions
15854,2011-12-05 13:39:00,12,2974.6499999999974,4,4,4,4,Champions
16701,2011-12-01 11:10:00,13,5398.300000000002,9,4,4,4,Champions
16927,2011-08-16 11:10:00,3,543.0500000000001,116,2,3,2,Loyal Customers
17990,2011-04-17 11:44:00,3,630.84,237,1,3,2,At Risk
14544,2011-11-15 15:06:00,2,2024.4500000000005,24,3,2,4,New / Promising
17338,2011-11-22 14:23:00,8,6643.929999999995,17,4,4,4,Champions
17799,2011-11-17 15:16:00,10,3055.9299999999967,22,3,4,4,Champions
14565,2011-09-05 09:07:00,4,3099.1200000000017,96,2,3,4,Loyal Customers
16726,2011-11-13 14:53:00,5,1382.0200000000013,26,3,4,3,Champions
17303,2010-12-13 13:32:00,1,250.03999999999994,361,1,1,1,Lost
14639,2011-10-18 15:06:00,6,2984.4900000000025,52,2,4,4,Loyal Customers
17611,2011-12-02 13:29:00,15,3984.2199999999993,7,4,4,4,Champions
17231,2011-11-27 15:18:00,10,3174.3200000000024,12,4,4,4,Champions
17179,2011-06-14 16:48:00,3,711.79,178,1,3,3,At Risk
17524,2010-12-13 14:32:00,1,145.0,361,1,1,1,Lost
12476,2011-11-24 12:40:00,11,6816.420000000005,16,4,4,4,Champions
17293,2011-12-01 14:37:00,9,1875.1100000000006,8,4,4,4,Champions
17890,2011-01-21 11:19:00,2,602.0900000000005,323,1,2,2,Lost
17375,2011-05-24 15:45:00,3,400.09999999999985,199,1,3,2,At Risk
17371,2011-11-22 13:30:00,3,423.8899999999998,17,4,3,2,Loyal Customers
17969,2011-06-26 13:00:00,2,228.2,166,1,2,1,Lost
14625,2011-05-27 15:32:00,2,899.63,196,1,2,3,Lost
15159,2011-12-08 12:05:00,30,18641.010000000017,2,4,4,4,Champions
13211,2011-11-29 14:43:00,3,1197.4199999999998,10,4,3,3,Champions
15777,2011-04-12 16:43:00,4,1047.1100000000001,241,1,3,3,At Risk
14525,2011-11-20 11:37:00,9,4332.199999999996,20,3,4,4,Champions
13324,2011-11-03 16:28:00,10,7121.949999999994,36,3,4,4,Champions
13948,2010-12-14 10:18:00,1,101.99999999999999,361,1,1,1,Lost
16202,2010-12-14 10:43:00,1,365.27000000000004,361,1,1,2,Lost
16442,2011-12-08 11:43:00,3,616.79,2,4,3,2,Loyal Customers
18075,2011-11-16 15:21:00,10,2611.750000000001,23,3,4,4,Champions
14524,2011-11-08 12:29:00,9,1867.6800000000007,32,3,4,4,Champions
14961,2011-11-29 09:42:00,9,7044.680000000002,11,4,4,4,Champions
17041,2011-11-13 11:21:00,3,1081.5700000000002,27,3,3,3,Champions
16458,2011-12-07 09:34:00,18,3482.7400000000002,3,4,4,4,Champions
16083,2011-08-31 10:47:00,2,1317.6200000000003,101,2,2,3,Needs Attention
17194,2011-03-11 12:05:00,2,262.62,274,1,2,1,Lost
14057,2011-11-16 10:32:00,17,6217.960000000002,24,3,4,4,Champions
14871,2011-12-06 13:42:00,4,522.3799999999997,3,4,3,2,Loyal Customers
13178,2011-11-13 16:14:00,11,5725.470000000003,26,3,4,4,Champions
18044,2011-12-05 14:26:00,10,2088.599999999999,4,4,4,4,Champions
16812,2010-12-14 12:35:00,1,479.3500000000001,361,1,1,2,Lost
16191,2011-12-07 11:26:00,13,5180.52,3,4,4,4,Champions
12370,2011-10-19 14:51:00,4,3545.689999999998,51,3,3,4,Champions
14298,2011-12-01 13:12:00,44,51527.299999999974,8,4,4,4,Champions
17158,2011-11-07 15:15:00,3,1266.9699999999993,32,3,3,3,Champions
16899,2011-12-02 12:03:00,6,1281.5599999999997,8,4,4,3,Champions
16531,2011-11-17 16:29:00,7,1244.5900000000001,22,3,4,3,Champions
17404,2011-12-05 16:26:00,15,31906.819999999992,4,4,4,4,Champions
14415,2011-12-08 14:38:00,13,5900.279999999999,1,4,4,4,Champions
16556,2011-10-04 11:36:00,7,3313.79,67,2,4,4,Loyal Customers
16805,2011-06-19 11:23:00,2,460.58999999999986,174,1,2,2,Lost
16503,2011-08-25 11:46:00,4,1431.9300000000005,107,2,3,3,Loyal Customers
16553,2011-06-29 15:42:00,12,5719.819999999999,163,1,4,4,At Risk
17739,2011-11-28 09:12:00,7,2791.3500000000004,12,4,4,4,Champions
13238,2011-11-22 15:37:00,4,700.7300000000001,17,4,3,3,Champions
12829,2011-01-07 11:13:00,2,293.0,337,1,2,1,Lost
13097,2011-11-07 10:43:00,10,6010.419999999994,33,3,4,4,Champions
15392,2011-12-05 11:01:00,4,1535.5299999999997,5,4,3,3,Champions
13846,2011-11-15 12:07:00,3,865.0600000000005,25,3,3,3,Champions
12867,2011-11-13 15:30:00,7,4036.819999999996,26,3,4,4,Champions
14401,2011-12-05 13:30:00,13,4051.4799999999987,4,4,4,4,Champions
16145,2011-12-01 10:33:00,11,3799.4899999999957,9,4,4,4,Champions
17629,2011-12-04 10:56:00,8,1814.1200000000008,6,4,4,4,Champions
14150,2011-11-04 10:05:00,2,658.6400000000001,36,3,2,2,New / Promising
13496,2011-11-29 10:58:00,2,653.3299999999999,11,4,2,2,New / Promising
13611,2011-09-11 14:51:00,3,1171.8000000000002,89,2,3,3,Loyal Customers
16954,2011-12-09 09:46:00,9,2085.0800000000004,1,4,4,4,Champions
17454,2011-05-31 13:58:00,4,517.5300000000002,192,1,3,2,At Risk
17449,2011-12-07 16:56:00,7,2520.8599999999997,2,4,4,4,Champions
13295,2010-12-15 11:21:00,1,201.2,360,1,1,1,Lost
17230,2011-03-20 16:12:00,8,3638.4100000000003,264,1,4,4,At Risk
15384,2011-06-23 10:57:00,2,642.41,170,1,2,2,Lost
15950,2011-11-08 11:09:00,4,1765.509999999999,32,3,3,4,Champions
15512,2011-07-07 10:20:00,2,121.0,156,1,2,1,Lost
17525,2010-12-15 12:05:00,1,422.70000000000005,360,1,1,2,Lost
13458,2011-12-02 15:29:00,14,9646.570000000002,7,4,4,4,Champions
16003,2011-11-10 09:57:00,5,2735.3700000000003,30,3,4,4,Champions
13092,2011-09-30 11:18:00,5,477.83,71,2,4,2,Loyal Customers
13426,2011-12-09 08:59:00,10,3641.3199999999974,1,4,4,4,Champions
15101,2011-12-01 10:18:00,2,317.53,9,4,2,2,New / Promising
17033,2011-09-14 14:34:00,3,1030.1399999999999,86,2,3,3,Loyal Customers
13221,2011-04-13 16:58:00,2,847.4100000000001,240,1,2,3,Lost
14201,2011-10-10 13:27:00,7,747.4399999999999,60,2,4,3,Loyal Customers
17692,2011-08-04 14:01:00,4,740.9399999999999,127,2,3,3,Loyal Customers
15822,2011-12-06 14:50:00,2,885.4699999999999,3,4,2,3,New / Promising
16134,2011-11-18 10:05:00,2,618.0900000000001,22,3,2,2,New / Promising
17551,2010-12-15 14:12:00,1,306.84,359,1,1,1,Lost
18050,2010-12-15 14:25:00,1,74.4,359,1,1,1,Lost
14913,2011-11-04 08:29:00,4,1227.4300000000005,36,3,3,3,Champions
15641,2011-08-26 14:04:00,4,1887.2000000000005,105,2,3,4,Loyal Customers
13124,2011-09-11 12:45:00,3,3866.3299999999977,90,2,3,4,Loyal Customers
17214,2011-10-10 13:17:00,6,1069.12,60,2,4,3,Loyal Customers
15456,2011-03-01 13:51:00,3,447.2200000000001,283,1,3,2,At Risk
15062,2011-09-29 16:51:00,4,987.8599999999999,71,2,3,3,Loyal Customers
12928,2011-11-04 14:24:00,5,2062.6999999999994,35,3,4,4,Champions
15727,2011-11-23 12:36:00,7,5178.960000000001,17,4,4,4,Champions
17980,2011-06-27 12:01:00,3,811.4499999999999,166,1,3,3,At Risk
15290,2011-12-05 11:39:00,18,7943.22,5,4,4,4,Champions
17752,2010-12-15 16:19:00,1,80.64,359,1,1,1,Lost
15615,2011-11-29 14:42:00,23,10399.739999999989,10,4,4,4,Champions
12577,2011-11-04 13:24:00,3,657.8000000000003,35,3,3,2,Loyal Customers
17189,2011-08-25 19:39:00,2,384.3999999999999,106,2,2,2,Needs Attention
17496,2010-12-16 08:39:00,1,271.04999999999995,359,1,1,1,Lost
16607,2011-11-22 10:24:00,14,3347.7100000000014,18,4,4,4,Champions
13317,2011-10-04 13:35:00,6,2273.679999999999,66,2,4,4,Loyal Customers
13890,2011-12-08 15:36:00,10,1883.8099999999995,1,4,4,4,Champions
17001,2011-12-09 09:38:00,11,3989.5700000000006,1,4,4,4,Champions
15246,2011-04-15 14:45:00,2,514.1500000000001,238,1,2,2,Lost
15482,2011-11-24 10:46:00,12,11054.960000000003,16,4,4,4,Champions
13021,2011-12-05 16:37:00,9,2616.38,4,4,4,4,Champions
16037,2011-03-15 09:13:00,3,855.0200000000001,270,1,3,3,At Risk
14841,2011-10-17 15:03:00,6,3295.7599999999993,53,2,4,4,Loyal Customers
16670,2011-11-23 09:34:00,11,4095.9000000000024,17,4,4,4,Champions
16985,2011-11-22 13:33:00,10,5464.120000000001,17,4,4,4,Champions
16705,2011-12-09 12:08:00,20,14034.989999999989,1,4,4,4,Champions
14414,2011-09-09 12:09:00,7,1496.9800000000005,92,2,4,3,Loyal Customers
15563,2011-11-17 14:50:00,4,1400.4399999999998,22,3,3,3,Champions
12980,2011-07-05 09:34:00,9,7374.900000000001,158,1,4,4,At Risk
16746,2011-12-05 12:33:00,18,6697.660000000009,5,4,4,4,Champions
16470,2011-10-19 12:11:00,4,762.39,52,2,3,3,Loyal Customers
14878,2011-11-27 11:15:00,9,1485.5400000000006,13,4,4,3,Champions
16743,2011-11-10 13:13:00,7,2238.0900000000006,29,3,4,4,Champions
17146,2011-08-26 12:44:00,3,749.78,106,2,3,3,Loyal Customers
12877,2011-12-06 10:30:00,12,1535.7700000000007,4,4,4,3,Champions
15394,2011-11-30 11:49:00,4,2183.54,10,4,3,4,Champions
14621,2011-12-08 16:22:00,5,1788.36,1,4,4,4,Champions
15379,2011-06-23 13:13:00,7,3703.2899999999995,169,1,4,4,At Risk
14309,2011-12-01 13:33:00,9,2352.530000000001,8,4,4,4,Champions
17288,2011-11-30 16:09:00,7,1419.7300000000012,9,4,4,3,Champions
14709,2011-11-24 15:41:00,13,4921.040000000007,15,4,4,4,Champions
15157,2011-12-06 11:28:00,3,1936.0700000000006,4,4,3,4,Champions
17744,2011-12-06 12:11:00,6,2322.3999999999996,4,4,4,4,Champions
16316,2011-10-06 13:48:00,8,2938.9100000000008,64,2,4,4,Loyal Customers
15620,2011-10-14 12:41:00,3,1553.18,57,2,3,3,Loyal Customers
15789,2010-12-16 14:35:00,1,351.3,358,1,1,2,Lost
16560,2011-11-13 10:35:00,2,841.4099999999997,27,3,2,3,New / Promising
13534,2011-12-07 14:52:00,25,5870.080000000015,2,4,4,4,Champions
17580,2011-04-01 12:41:00,3,215.72000000000003,253,1,3,1,At Risk
15759,2011-05-05 15:13:00,3,253.04000000000002,218,1,3,1,At Risk
14373,2010-12-16 15:40:00,1,76.55,358,1,1,1,Lost
18176,2010-12-16 15:45:00,1,476.34999999999997,358,1,1,2,Lost
14092,2011-12-02 12:13:00,14,4076.910000000003,8,4,4,4,Champions
15366,2011-09-25 15:01:00,2,602.5100000000001,75,2,2,2,Needs Attention
14735,2011-12-06 12:09:00,32,6065.69,4,4,4,4,Champions
16271,2011-12-07 12:45:00,5,1429.2399999999998,3,4,4,3,Champions
18223,2011-12-05 09:11:00,14,6484.540000000004,5,4,4,4,Champions
15532,2011-11-14 14:51:00,4,1580.9300000000032,25,3,3,3,Champions
16816,2011-08-28 14:16:00,4,417.06000000000006,103,2,3,2,Loyal Customers
16684,2011-12-05 14:06:00,28,66653.56,4,4,4,4,Champions
14334,2011-11-23 10:01:00,8,2552.2100000000005,17,4,4,4,Champions
16945,2011-11-18 11:39:00,19,4345.500000000007,22,3,4,4,Champions
14643,2011-06-22 14:41:00,2,693.8100000000001,170,1,2,3,Lost
15197,2011-11-29 10:00:00,3,1079.61,11,4,3,3,Champions
14220,2011-04-06 13:23:00,2,632.4,247,1,2,2,Lost
13874,2010-12-16 18:20:00,1,540.45,358,1,1,2,Lost
18260,2011-06-20 12:37:00,6,2643.2000000000003,173,1,4,4,At Risk
17848,2011-09-19 16:49:00,9,901.2000000000003,81,2,4,3,Loyal Customers
17392,2011-02-06 12:48:00,2,457.91,307,1,2,2,Lost
12348,2011-09-25 13:13:00,4,1797.24,75,2,3,4,Loyal Customers
14985,2011-05-25 14:29:00,2,296.7499999999999,198,1,2,1,Lost
13004,2011-11-28 11:27:00,18,5655.91,12,4,4,4,Champions
14560,2011-12-02 15:22:00,22,2237.7700000000013,7,4,4,4,Champions
12931,2011-11-18 12:39:00,15,42055.95999999999,22,3,4,4,Champions
13627,2011-10-11 14:20:00,5,1638.4700000000003,59,2,4,3,Loyal Customers
12551,2010-12-17 11:23:00,1,168.0,358,1,1,1,Lost
12782,2011-12-05 09:16:00,5,2330.9200000000014,5,4,4,4,Champions
14769,2011-12-07 10:24:00,8,10674.750000000007,3,4,4,4,Champions
15780,2011-06-09 12:01:00,3,475.28000000000003,184,1,3,2,At Risk
12417,2011-12-06 14:52:00,9,3649.1,3,4,4,4,Champions
17315,2011-12-08 12:15:00,38,6292.259999999996,2,4,4,4,Champions
16711,2011-12-06 16:32:00,5,1651.0299999999995,3,4,4,3,Champions
12726,2011-11-11 13:35:00,7,2609.1000000000004,28,3,4,4,Champions
15204,2010-12-17 13:49:00,1,316.58000000000004,357,1,1,2,Lost
17888,2011-11-18 13:45:00,8,726.0500000000001,21,3,4,3,Champions
17007,2011-10-20 10:47:00,6,889.9300000000001,51,3,4,3,Champions
15160,2010-12-17 14:15:00,1,158.16000000000003,357,1,1,1,Lost
14016,2011-07-01 11:29:00,4,4341.21,162,1,3,4,At Risk
13033,2010-12-17 14:23:00,1,190.54999999999998,357,1,1,1,Lost
12691,2011-11-11 16:49:00,6,1035.8,28,3,4,3,Champions
13869,2011-08-08 13:53:00,4,3104.9500000000035,123,2,3,4,Loyal Customers
14146,2011-12-01 10:18:00,5,4190.999999999999,9,4,4,4,Champions
12705,2011-11-24 13:17:00,9,6868.290000000003,15,4,4,4,Champions
16885,2011-11-24 13:40:00,3,471.50999999999965,15,4,3,2,Loyal Customers
17913,2011-10-12 10:45:00,2,411.6,59,2,2,2,Needs Attention
12668,2011-11-28 10:56:00,4,3807.150000000002,12,4,3,4,Champions
14472,2011-08-28 11:01:00,8,1936.8400000000013,104,2,4,4,Loyal Customers
17358,2011-02-09 16:57:00,2,365.84999999999985,303,1,2,2,Lost
16686,2011-10-23 13:49:00,7,3062.8299999999986,47,3,4,4,Champions
18245,2011-12-02 14:48:00,7,2567.0599999999995,7,4,4,4,Champions
17343,2010-12-19 15:07:00,1,193.63999999999996,355,1,1,1,Lost
16153,2011-10-21 10:50:00,5,1824.2300000000002,50,3,4,4,Champions
12377,2011-01-28 15:45:00,2,1628.1199999999997,315,1,2,3,Lost
14646,2011-12-08 12:12:00,74,280206.01999999984,2,4,4,4,Champions
12944,2011-11-04 11:04:00,2,604.51,36,3,2,2,New / Promising
15279,2010-12-20 10:48:00,1,290.51,355,1,1,1,Lost
14099,2011-11-23 13:53:00,11,3104.1700000000005,16,4,4,4,Champions
12721,2011-11-08 12:13:00,6,2656.130000000001,32,3,4,4,Champions
13104,2011-12-06 13:10:00,6,1098.48,3,4,4,3,Champions
14113,2011-12-06 12:18:00,4,1840.4200000000005,4,4,3,4,Champions
13027,2011-08-18 09:39:00,6,6912.0,114,2,4,4,Loyal Customers
15312,2011-09-25 13:10:00,4,924.8500000000001,75,2,3,3,Loyal Customers
17621,2011-11-18 17:11:00,3,1379.8999999999999,21,3,3,3,Champions
17090,2011-12-05 13:44:00,7,2043.950000000001,4,4,4,4,Champions
15527,2011-11-21 12:17:00,8,2429.779999999999,19,3,4,4,Champions
18097,2011-12-02 11:16:00,6,2697.7999999999997,8,4,4,4,Champions
15460,2010-12-20 16:08:00,1,216.76,354,1,1,1,Lost
15034,2011-11-24 12:11:00,8,4308.609999999999,16,4,4,4,Champions
12423,2011-12-09 10:10:00,8,1859.3100000000002,1,4,4,4,Champions
12678,2011-10-28 13:04:00,12,17628.460000000003,42,3,4,4,Champions
15208,2011-12-08 17:24:00,5,870.12,1,4,4,3,Champions
16996,2011-11-09 16:43:00,6,1456.96,30,3,4,3,Champions
17306,2011-11-29 12:14:00,19,8631.310000000003,11,4,4,4,Champions
14737,2011-12-06 10:16:00,3,1164.55,4,4,3,3,Champions
13029,2011-11-09 09:13:00,3,1247.5,31,3,3,3,Champions
16270,2010-12-21 14:26:00,1,1141.2399999999996,353,1,1,3,Lost
13487,2011-10-13 12:07:00,3,575.4000000000001,58,2,3,2,Loyal Customers
12515,2010-12-21 15:43:00,1,383.7,353,1,1,2,Lost
17400,2011-08-05 15:38:00,5,2129.9600000000023,126,2,4,4,Loyal Customers
17593,2011-12-06 10:30:00,5,3927.3399999999997,4,4,4,4,Champions
13953,2011-12-02 16:04:00,7,3515.6800000000003,7,4,4,4,Champions
14533,2011-11-15 12:05:00,7,1949.7200000000007,25,3,4,4,Champions
12734,2010-12-22 12:47:00,1,110.39999999999999,353,1,1,1,Lost
14532,2011-04-17 13:05:00,4,932.8499999999997,236,1,3,3,At Risk
12383,2011-06-08 08:02:00,5,1850.5599999999997,185,1,4,4,At Risk
15562,2010-12-23 09:55:00,1,134.55,352,1,1,1,Lost
15587,2011-10-20 13:37:00,4,913.6800000000002,50,3,3,3,Champions
13922,2010-12-23 10:38:00,1,172.24999999999997,352,1,1,1,Lost
13817,2011-11-10 17:49:00,2,382.9799999999999,29,3,2,2,New / Promising
12585,2011-04-19 13:39:00,2,2040.099999999999,234,1,2,4,Lost
13165,2011-10-24 15:05:00,2,1021.4799999999999,46,3,2,3,New / Promising
13304,2010-12-23 14:35:00,1,300.4199999999999,351,1,1,1,Lost
13313,2011-11-17 16:48:00,5,1555.3199999999993,22,3,4,3,Champions
16875,2011-10-03 13:39:00,5,2095.53,67,2,4,4,Loyal Customers
16282,2011-01-04 11:42:00,1,168.3,340,1,1,1,Lost
12957,2011-11-30 09:53:00,8,4017.5400000000027,10,4,4,4,Champions
14462,2011-10-04 15:55:00,11,2004.0200000000004,66,2,4,4,Loyal Customers
13397,2011-09-28 10:56:00,5,1544.1299999999997,73,2,4,3,Loyal Customers
13680,2011-12-08 13:47:00,4,3722.4200000000014,1,4,3,4,Champions
12483,2011-11-22 17:02:00,8,2484.980000000001,17,4,4,4,Champions
15164,2011-10-02 12:05:00,3,843.0499999999997,69,2,3,3,Loyal Customers
17457,2011-08-05 12:48:00,5,1737.6999999999998,127,2,4,4,Loyal Customers
14732,2011-12-01 14:34:00,8,2702.49,8,4,4,4,Champions
14221,2011-10-28 13:42:00,9,3432.7999999999993,42,3,4,4,Champions
14553,2011-11-20 13:20:00,5,859.27,19,3,4,3,Champions
13253,2011-07-06 10:09:00,2,1030.3999999999999,157,1,2,3,Lost
15841,2011-09-28 12:15:00,4,1224.0600000000004,73,2,3,3,Loyal Customers
16112,2011-07-19 14:28:00,4,195.74,143,1,3,1,At Risk
13629,2011-11-16 13:21:00,11,7792.36,23,3,4,4,Champions
16600,2011-12-05 16:00:00,6,813.5200000000001,4,4,4,3,Champions
15661,2011-01-26 13:56:00,2,309.8,317,1,2,2,Lost
16532,2011-11-22 11:08:00,3,6748.8,18,4,3,4,Champions
15266,2011-01-05 13:40:00,1,119.30000000000001,338,1,1,1,Lost
14653,2011-12-08 13:45:00,7,1947.5499999999997,1,4,4,4,Champions
16771,2011-11-06 13:28:00,5,2246.8100000000013,33,3,4,4,Champions
17585,2011-08-22 13:30:00,4,1133.0700000000004,109,2,3,3,Loyal Customers
15046,2011-11-30 15:50:00,15,5213.770000000001,9,4,4,4,Champions
13082,2011-08-05 16:16:00,9,3613.6300000000006,126,2,4,4,Loyal Customers
15464,2011-01-05 15:56:00,1,1048.8500000000006,338,1,1,3,Lost
18226,2011-10-26 13:36:00,11,5228.050000000004,44,3,4,4,Champions
18062,2011-06-19 14:47:00,3,720.5200000000001,173,1,3,3,At Risk
12415,2011-11-15 14:22:00,21,124914.52999999975,24,3,4,4,Champions
17368,2011-11-16 15:26:00,8,1912.6700000000008,23,3,4,4,Champions
14618,2011-11-30 13:45:00,3,553.44,9,4,3,2,Loyal Customers
14258,2011-11-30 15:27:00,9,12669.979999999996,9,4,4,4,Champions
15719,2011-11-07 12:29:00,13,5045.609999999998,33,3,4,4,Champions
13368,2011-03-28 09:59:00,2,623.4,257,1,2,2,Lost
17634,2011-11-03 13:09:00,9,2361.9700000000034,36,3,4,4,Champions
16676,2011-11-06 12:01:00,4,1592.12,34,3,3,3,Champions
18283,2011-12-06 12:02:00,16,2094.880000000003,4,4,4,4,Champions
12735,2011-01-28 13:37:00,2,779.5699999999998,315,1,2,3,Lost
13764,2011-09-30 12:03:00,3,1521.7600000000002,71,2,3,3,Loyal Customers
13656,2011-06-28 10:31:00,2,379.65000000000003,165,1,2,2,Lost
12413,2011-10-04 09:00:00,3,758.0999999999999,67,2,3,3,Loyal Customers
14312,2011-10-24 09:46:00,6,1611.5899999999995,47,3,4,3,Champions
13280,2011-08-09 13:14:00,3,814.8600000000001,122,2,3,3,Loyal Customers
15845,2011-11-22 09:42:00,8,3711.7699999999995,18,4,4,4,Champions
13187,2011-01-06 18:57:00,1,236.01999999999995,337,1,1,1,Lost
16567,2011-05-29 13:57:00,2,865.5999999999999,194,1,2,3,Lost
14828,2011-05-27 10:16:00,3,2139.76,197,1,3,4,At Risk
12530,2011-10-11 12:34:00,4,1662.2799999999993,60,2,3,4,Loyal Customers
16551,2011-09-05 09:38:00,3,922.12,96,2,3,3,Loyal Customers
16889,2011-05-29 11:05:00,3,1578.6700000000005,195,1,3,3,At Risk
16473,2011-06-28 09:10:00,3,316.11,165,1,3,2,At Risk
13750,2011-10-17 12:16:00,5,1647.2599999999998,54,2,4,3,Loyal Customers
12501,2011-01-07 12:28:00,1,2169.3899999999994,337,1,1,4,Lost
15607,2011-01-07 12:44:00,1,104.76,337,1,1,1,Lost
15139,2011-04-14 11:39:00,2,178.96000000000006,240,1,2,1,Lost
12489,2011-01-07 13:13:00,1,334.92999999999995,336,1,1,2,Lost
17707,2011-06-07 15:03:00,2,152.39999999999998,185,1,2,1,Lost
18198,2011-12-05 14:49:00,17,5425.560000000004,4,4,4,4,Champions
12484,2011-11-07 11:37:00,6,4541.720000000001,33,3,4,4,Champions
18179,2011-11-30 16:23:00,6,1793.1700000000008,9,4,4,4,Champions
17284,2011-10-10 14:38:00,6,1652.580000000002,60,2,4,3,Loyal Customers
13233,2011-09-26 13:25:00,2,605.1200000000001,74,2,2,2,Needs Attention
14889,2011-01-07 15:19:00,1,135.9,336,1,1,1,Lost
12480,2011-11-11 14:52:00,4,3281.6300000000015,28,3,3,4,Champions
14672,2011-04-19 10:19:00,2,765.55,235,1,2,3,Lost
13593,2011-08-23 13:35:00,5,2037.0800000000008,108,2,4,4,Loyal Customers
14867,2011-06-07 11:39:00,3,710.2800000000001,186,1,3,3,At Risk
13162,2011-08-09 15:59:00,4,1688.2899999999995,122,2,3,4,Loyal Customers
13183,2011-12-02 10:30:00,9,3957.7800000000016,8,4,4,4,Champions
17095,2011-11-17 12:21:00,3,1324.159999999999,23,3,3,3,Champions
12939,2011-10-06 14:33:00,8,11581.8,64,2,4,4,Loyal Customers
15611,2011-11-30 12:36:00,13,1591.4500000000003,10,4,4,3,Champions
17114,2011-12-04 12:17:00,8,808.6199999999997,6,4,4,3,Champions
15059,2011-10-30 11:35:00,9,1337.7200000000007,41,3,4,3,Champions
16326,2011-12-04 10:11:00,14,3110.9600000000046,6,4,4,4,Champions
17128,2011-01-09 12:02:00,1,157.09,335,1,1,1,Lost
14761,2011-10-12 12:10:00,2,255.90000000000003,59,2,2,1,Needs Attention
17555,2011-11-20 12:22:00,2,483.25999999999993,20,3,2,2,New / Promising
12651,2011-01-09 12:46:00,1,114.00000000000003,335,1,1,1,Lost
16735,2011-09-22 11:49:00,5,2300.559999999999,79,2,4,4,Loyal Customers
16833,2011-12-08 14:39:00,4,1106.5299999999997,1,4,3,3,Champions
17800,2011-11-02 12:57:00,9,1199.01,37,3,4,3,Champions
16748,2011-11-22 10:17:00,5,1515.8999999999992,18,4,4,3,Champions
14755,2011-11-30 11:24:00,11,5010.279999999999,10,4,4,4,Champions
16549,2011-11-29 15:06:00,10,4154.639999999994,10,4,4,4,Champions
13565,2011-11-20 14:33:00,2,240.22000000000006,19,3,2,1,New / Promising
15799,2011-09-25 12:46:00,3,884.1400000000002,76,2,3,3,Loyal Customers
18032,2011-01-09 15:32:00,1,73.5,334,1,1,1,Lost
13451,2011-11-13 15:58:00,5,2976.149999999999,26,3,4,4,Champions
14794,2011-12-07 10:11:00,7,1319.9099999999996,3,4,4,3,Champions
12539,2011-11-17 13:30:00,4,5568.349999999995,22,3,3,4,Champions
16350,2011-11-18 15:53:00,4,1116.4699999999996,21,3,3,3,Champions
12500,2011-11-16 16:20:00,11,4257.820000000001,23,3,4,4,Champions
18171,2011-10-12 09:13:00,5,1231.3099999999997,59,2,4,3,Loyal Customers
12524,2011-11-30 15:31:00,8,4485.719999999999,9,4,4,4,Champions
17811,2011-12-05 13:46:00,39,7837.72999999999,4,4,4,4,Champions
16850,2011-01-10 11:09:00,1,332.40999999999997,334,1,1,2,Lost
14321,2011-11-29 09:47:00,5,1530.749999999999,11,4,4,3,Champions
15326,2011-01-10 11:38:00,1,311.71,334,1,1,2,Lost
17849,2011-05-05 13:46:00,4,605.8,218,1,3,2,At Risk
14229,2011-10-19 10:03:00,3,1547.2,52,2,3,3,Loyal Customers
13107,2011-10-26 14:52:00,4,1531.6200000000003,44,3,3,3,Champions
16497,2011-10-21 10:55:00,6,2965.690000000001,50,3,4,4,Champions
16303,2011-11-14 10:49:00,3,5360.63,26,3,3,4,Champions
15281,2011-10-12 09:10:00,9,2332.149999999999,59,2,4,4,Loyal Customers
12736,2011-01-11 07:57:00,1,234.00000000000003,333,1,1,1,Lost
13473,2011-10-10 11:20:00,2,422.64,61,2,2,2,Needs Attention
14320,2011-05-17 09:24:00,2,477.7900000000001,207,1,2,2,Lost
12393,2011-09-28 15:41:00,4,1582.6000000000004,72,2,3,3,Loyal Customers
17742,2011-08-18 15:28:00,2,355.11,113,2,2,2,Needs Attention
16351,2011-01-11 10:26:00,1,153.9,333,1,1,1,Lost
12601,2011-06-03 10:17:00,5,577.0600000000001,190,1,4,2,At Risk
13144,2011-01-11 11:15:00,1,110.94999999999999,333,1,1,1,Lost
15346,2011-01-11 11:18:00,1,252.42000000000004,333,1,1,1,Lost
15370,2011-10-30 10:58:00,7,2386.05,41,3,4,4,Champions
12643,2011-08-03 12:56:00,6,3344.6400000000003,128,2,4,4,Loyal Customers
16034,2011-05-27 16:17:00,3,437.69999999999993,196,1,3,2,At Risk
17365,2011-11-27 12:13:00,8,4801.559999999999,13,4,4,4,Champions
15189,2011-12-08 13:22:00,41,16225.390000000009,1,4,4,4,Champions
14669,2011-04-12 11:43:00,3,1269.9900000000002,242,1,3,3,At Risk
18095,2011-01-31 12:50:00,2,580.05,313,1,2,2,Lost
15749,2011-04-18 13:20:00,3,44534.3,235,1,3,4,At Risk
15518,2011-10-06 13:05:00,8,1942.4500000000012,64,2,4,4,Loyal Customers
14209,2011-11-29 10:18:00,6,2073.4300000000003,11,4,4,4,Champions
16042,2011-11-17 17:50:00,5,1197.2700000000002,22,3,4,3,Champions
15569,2011-08-28 10:15:00,5,1375.7100000000003,104,2,4,3,Loyal Customers
12728,2011-09-29 15:31:00,4,836.3299999999999,71,2,3,3,Loyal Customers
13672,2011-02-11 13:53:00,2,186.39,301,1,2,1,Lost
17569,2011-01-11 14:15:00,1,344.13999999999993,332,1,1,2,Lost
13784,2011-11-30 09:33:00,11,2462.7899999999995,10,4,4,4,Champions
12724,2011-12-04 16:02:00,4,1031.4099999999999,5,4,3,3,Champions
13862,2011-11-21 16:24:00,8,2209.360000000001,18,4,4,4,Champions
16791,2011-11-10 19:12:00,7,1721.7800000000022,29,3,4,4,Champions
16235,2011-10-30 10:56:00,5,867.3099999999996,41,3,4,3,Champions
14270,2011-01-12 09:33:00,1,492.6499999999999,332,1,1,2,Lost
12523,2011-11-20 12:55:00,11,1789.7700000000007,19,3,4,4,Champions
16655,2011-11-22 11:25:00,6,3794.519999999997,18,4,4,4,Champions
16359,2011-12-02 17:04:00,9,1750.9199999999994,7,4,4,4,Champions
16554,2011-10-28 14:51:00,3,837.1,42,3,3,3,Champions
12359,2011-10-13 12:47:00,4,6372.580000000005,58,2,3,4,Loyal Customers
15939,2011-09-11 11:30:00,15,6115.009999999999,90,2,4,4,Loyal Customers
14587,2011-11-21 11:34:00,9,1601.1400000000008,19,3,4,3,Champions
14715,2011-11-15 12:10:00,4,867.3800000000001,25,3,3,3,Champions
14185,2011-01-12 13:52:00,1,197.65,331,1,1,1,Lost
12437,2011-12-08 11:35:00,18,4951.409999999997,2,4,4,4,Champions
14040,2011-10-30 12:42:00,12,3614.9199999999996,41,3,4,4,Champions
12652,2011-01-12 15:00:00,1,919.9799999999998,331,1,1,3,Lost
14514,2011-10-09 16:05:00,3,1055.35,61,2,3,3,Loyal Customers
15171,2011-01-12 15:36:00,1,1289.5,331,1,1,3,Lost
14167,2011-10-31 14:29:00,4,574.8399999999999,39,3,3,2,Loyal Customers
17389,2011-12-09 09:38:00,34,31833.680000000015,1,4,4,4,Champions
17048,2011-08-14 11:49:00,3,925.3499999999999,118,2,3,3,Loyal Customers
17364,2011-12-09 09:00:00,11,4481.179999999996,1,4,4,4,Champions
13284,2011-01-13 09:23:00,1,201.19,331,1,1,1,Lost
16500,2011-12-05 12:04:00,6,400.86,5,4,4,2,Loyal Customers
12951,2011-12-01 12:14:00,6,1064.0700000000004,9,4,4,3,Champions
15835,2011-10-26 15:47:00,4,954.0899999999996,44,3,3,3,Champions
18190,2011-05-31 14:48:00,2,284.46,192,1,2,1,Lost
13993,2011-10-28 09:06:00,9,3466.36,43,3,4,4,Champions
14114,2011-03-11 09:42:00,2,386.53,274,1,2,2,Lost
15447,2011-01-13 11:26:00,1,155.17,331,1,1,1,Lost
16315,2011-01-13 11:57:00,1,226.37,331,1,1,1,Lost
14978,2011-09-28 13:07:00,5,1931.4200000000028,72,2,4,4,Loyal Customers
16395,2011-10-10 12:50:00,5,1486.9000000000003,61,2,4,3,Loyal Customers
15510,2011-01-13 12:10:00,1,250.0,331,1,1,1,Lost
13614,2011-11-15 14:47:00,4,1610.460000000001,24,3,3,3,Champions
13246,2011-11-21 16:50:00,6,1987.3000000000009,18,4,4,4,Champions
15687,2011-12-01 08:33:00,9,2993.099999999999,9,4,4,4,Champions
12578,2011-11-18 13:30:00,2,2794.5099999999993,21,3,2,4,New / Promising
16493,2011-09-21 11:10:00,4,1351.6300000000003,80,2,3,3,Loyal Customers
12490,2011-12-04 16:07:00,10,5417.9299999999985,5,4,4,4,Champions
12672,2011-01-14 09:20:00,1,225.9,330,1,1,1,Lost
13385,2011-01-14 09:52:00,1,534.5700000000002,330,1,1,2,Lost
12474,2011-11-22 14:39:00,18,7375.789999999998,17,4,4,4,Champions
15626,2011-09-26 10:03:00,2,675.8000000000001,75,2,2,3,Needs Attention
12553,2011-12-01 16:38:00,10,3692.280000000001,8,4,4,4,Champions
15213,2011-01-25 12:21:00,2,328.34999999999997,319,1,2,2,Lost
14175,2011-10-11 11:55:00,3,3222.3000000000006,60,2,3,4,Loyal Customers
18106,2011-01-14 12:23:00,1,430.6999999999999,330,1,1,2,Lost
15033,2011-12-05 12:40:00,10,2586.670000000001,5,4,4,4,Champions
14329,2011-11-22 15:50:00,7,5014.840000000004,17,4,4,4,Champions
16401,2011-12-08 18:15:00,12,4098.319999999999,1,4,4,4,Champions
16206,2011-10-16 10:41:00,4,537.06,55,2,3,2,Loyal Customers
13782,2011-11-27 11:54:00,6,911.9999999999992,13,4,4,3,Champions
12924,2011-09-12 13:55:00,4,933.7000000000003,88,2,3,3,Loyal Customers
16593,2011-10-20 12:41:00,3,330.0299999999999,51,3,3,2,Loyal Customers
15535,2011-06-19 16:02:00,4,536.3999999999999,173,1,3,2,At Risk
13700,2011-11-13 13:00:00,10,2265.119999999999,26,3,4,4,Champions
13064,2011-11-27 12:31:00,4,1119.4900000000005,13,4,3,3,Champions
13048,2011-11-25 13:23:00,4,1835.9099999999994,14,4,3,4,Champions
13634,2011-11-06 13:40:00,5,1575.1600000000003,33,3,4,3,Champions
18069,2011-11-13 16:03:00,5,2036.6700000000003,26,3,4,4,Champions
16843,2011-10-28 09:06:00,16,10196.570000000007,43,3,4,4,Champions
17064,2011-10-12 10:18:00,3,859.3500000000003,59,2,3,3,Loyal Customers
17609,2011-10-30 12:28:00,5,1112.2200000000005,41,3,4,3,Champions
15673,2011-09-12 16:12:00,4,2881.0200000000013,88,2,3,4,Loyal Customers
12626,2011-11-16 16:06:00,9,6620.479999999998,23,3,4,4,Champions
14976,2011-10-13 16:37:00,7,790.8599999999997,57,2,4,3,Loyal Customers
12388,2011-11-24 12:30:00,6,2780.6600000000003,16,4,4,4,Champions
13527,2011-11-06 12:04:00,7,2287.5100000000007,34,3,4,4,Champions
15696,2011-11-06 14:02:00,8,2736.4600000000005,33,3,4,4,Champions
15316,2011-01-17 11:34:00,1,165.0,327,1,1,1,Lost
12673,2011-12-04 13:55:00,2,610.52,5,4,2,2,New / Promising
15296,2011-10-20 11:47:00,6,3672.86,51,3,4,4,Champions
17988,2011-11-28 11:00:00,7,201.11999999999998,12,4,4,1,Loyal Customers
12820,2011-12-06 15:12:00,4,942.3399999999999,3,4,3,3,Champions
13001,2011-12-05 14:51:00,13,9818.820000000012,4,4,4,4,Champions
14101,2011-09-27 12:28:00,6,5976.79,74,2,4,4,Loyal Customers
14238,2011-01-17 14:40:00,1,146.85,326,1,1,1,Lost
17730,2011-12-06 15:43:00,13,5298.479999999997,3,4,4,4,Champions
13929,2011-06-23 15:26:00,2,842.6500000000001,169,1,2,3,Lost
14657,2011-11-22 12:47:00,4,848.22,18,4,3,3,Champions
13859,2011-01-17 16:14:00,1,201.16,326,1,1,1,Lost
18212,2011-01-17 16:14:00,1,248.41999999999993,326,1,1,1,Lost
18233,2011-01-18 08:44:00,1,440.0,326,1,1,2,Lost
17018,2011-10-30 11:42:00,2,920.0999999999998,41,3,2,3,New / Promising
14242,2011-04-19 11:46:00,2,280.55,235,1,2,1,Lost
12356,2011-11-17 08:40:00,3,2811.4300000000007,23,3,3,4,Champions
12346,2011-01-18 10:01:00,1,77183.6,326,1,1,4,Lost
13898,2011-01-18 10:28:00,1,155.93,326,1,1,1,Lost
16948,2011-07-24 12:46:00,3,435.02,139,2,3,2,Loyal Customers
16997,2011-02-24 17:28:00,3,702.0,288,1,3,3,At Risk
12527,2011-09-19 11:55:00,3,348.71000000000004,82,2,3,2,Loyal Customers
15395,2011-01-18 12:40:00,1,107.45000000000002,326,1,1,1,Lost
12510,2011-07-20 10:15:00,2,982.57,143,1,2,3,Lost
13263,2011-12-08 13:59:00,35,7454.069999999956,1,4,4,4,Champions
14428,2011-12-02 13:17:00,5,1244.8300000000004,7,4,4,3,Champions
12665,2011-01-19 08:34:00,1,63.0,325,1,1,1,Lost
12451,2011-11-29 08:40:00,5,9035.519999999999,11,4,4,4,Champions
12422,2011-09-05 09:48:00,3,803.5599999999998,96,2,3,3,Loyal Customers
17708,2011-06-05 10:12:00,2,267.08000000000004,188,1,2,1,Lost
14090,2011-01-19 10:51:00,1,76.32000000000001,325,1,1,1,Lost
15606,2011-10-09 15:47:00,9,2920.1600000000003,61,2,4,4,Loyal Customers
13310,2011-11-11 17:23:00,3,1132.0300000000002,28,3,3,3,Champions
15831,2011-10-12 13:14:00,3,801.7599999999999,58,2,3,3,Loyal Customers
14916,2011-09-30 09:20:00,4,1268.9799999999998,71,2,3,3,Loyal Customers
17602,2011-12-07 13:53:00,6,5102.969999999997,2,4,4,4,Champions
14572,2011-12-06 14:40:00,7,2832.840000000001,3,4,4,4,Champions
13502,2011-11-23 10:39:00,3,292.0,17,4,3,1,Loyal Customers
14784,2011-11-13 13:30:00,2,289.99,26,3,2,1,New / Promising
15938,2011-08-19 12:56:00,5,404.58,112,2,4,2,Loyal Customers
12637,2011-10-03 13:46:00,8,6021.900000000001,67,2,4,4,Loyal Customers
17418,2011-10-28 13:00:00,2,463.4600000000001,42,3,2,2,New / Promising
14779,2011-03-04 12:42:00,3,386.1499999999999,281,1,3,2,At Risk
16321,2011-09-28 14:55:00,5,373.65,72,2,4,2,Loyal Customers
15262,2011-01-20 12:16:00,1,178.95000000000002,324,1,1,1,Lost
17862,2011-01-20 12:23:00,1,330.9,324,1,1,2,Lost
12402,2011-01-20 13:49:00,1,225.6,323,1,1,1,Lost
17771,2011-10-14 11:43:00,2,245.81,57,2,2,1,Needs Attention
15422,2011-01-20 16:17:00,2,97.7,323,1,2,1,Lost
13008,2011-01-20 14:24:00,1,229.47000000000003,323,1,1,1,Lost
14770,2011-04-21 14:21:00,2,876.4199999999997,232,1,2,3,Lost
16912,2011-11-11 12:18:00,11,2575.380000000001,29,3,4,4,Champions
15174,2011-01-21 09:06:00,1,135.75,323,1,1,1,Lost
12594,2011-11-02 12:20:00,10,3338.2199999999984,38,3,4,4,Champions
17504,2011-05-17 12:59:00,9,2997.0300000000007,206,1,4,4,At Risk
16387,2011-01-21 11:34:00,1,94.36,323,1,1,1,Lost
12664,2011-12-01 17:07:00,9,4881.879999999999,8,4,4,4,Champions
16618,2011-11-08 13:52:00,5,2647.5900000000015,31,3,4,4,Champions
17277,2011-04-26 12:47:00,2,1065.3500000000001,228,1,2,3,Lost
14088,2011-11-29 16:16:00,13,50491.81,10,4,4,4,Champions
17094,2011-01-21 13:09:00,1,301.99999999999994,322,1,1,1,Lost
14692,2011-07-25 15:08:00,4,591.5500000000001,137,2,3,2,Loyal Customers
12970,2011-12-02 14:30:00,4,452.23999999999995,7,4,3,2,Loyal Customers
17889,2011-05-11 16:26:00,2,203.87,212,1,2,1,Lost
17714,2011-01-23 10:32:00,1,153.0,321,1,1,1,Lost
12916,2011-07-24 10:35:00,4,3006.1500000000005,139,2,3,4,Loyal Customers
17769,2011-11-27 11:18:00,10,3997.979999999999,13,4,4,4,Champions
14450,2011-06-12 10:46:00,3,483.25,181,1,3,2,At Risk
16085,2011-11-16 13:24:00,5,981.5099999999999,23,3,4,3,Champions
13659,2011-05-18 12:37:00,2,1573.2000000000007,206,1,2,3,Lost
15167,2011-01-23 12:41:00,1,162.99999999999997,321,1,1,1,Lost
15443,2011-12-08 10:40:00,7,3236.909999999999,2,4,4,4,Champions
14224,2011-08-21 13:24:00,4,1050.1200000000001,110,2,3,3,Loyal Customers
13742,2011-11-23 11:07:00,12,3131.020000000001,17,4,4,4,Champions
17673,2011-12-08 12:50:00,6,1629.1200000000017,2,4,4,3,Champions
12727,2011-11-29 11:46:00,7,3980.7000000000003,11,4,4,4,Champions
14068,2011-01-23 16:02:00,1,265.85,320,1,1,1,Lost
13068,2011-11-29 15:00:00,2,344.0,10,4,2,2,New / Promising
14368,2011-01-24 09:52:00,1,155.00000000000003,320,1,1,1,Lost
15497,2011-11-22 11:51:00,2,1262.2,18,4,2,3,New / Promising
12559,2011-02-02 09:49:00,2,561.7099999999999,311,1,2,2,Lost
13819,2011-02-11 10:38:00,3,1140.35,302,1,3,3,At Risk
14501,2011-06-09 12:02:00,2,251.20999999999998,184,1,2,1,Lost
14782,2011-01-24 11:12:00,1,200.10000000000002,320,1,1,1,Lost
17861,2011-12-06 16:21:00,8,2100.8,3,4,4,4,Champions
14439,2011-01-24 11:39:00,1,2661.24,320,1,1,4,Lost
18161,2011-11-24 16:40:00,5,1618.6899999999998,15,4,4,3,Champions
15820,2011-01-24 12:00:00,1,206.98000000000002,320,1,1,1,Lost
18136,2011-10-07 15:40:00,3,784.3299999999998,63,2,3,3,Loyal Customers
16660,2011-11-23 14:53:00,4,1267.6499999999999,16,4,3,3,Champions
12693,2011-08-04 17:51:00,4,855.9099999999997,127,2,3,3,Loyal Customers
12625,2011-05-12 09:54:00,2,2683.8199999999997,212,1,2,4,Lost
13396,2011-11-10 16:59:00,2,1360.9899999999998,29,3,2,3,New / Promising
15179,2011-11-21 12:53:00,5,2206.9500000000003,18,4,4,4,Champions
12935,2011-12-07 17:25:00,7,2160.6999999999994,2,4,4,4,Champions
16730,2011-10-18 14:11:00,3,743.11,52,2,3,3,Loyal Customers
14541,2011-10-12 10:08:00,8,1461.6499999999999,59,2,4,3,Loyal Customers
13551,2011-01-24 14:46:00,1,91.80000000000001,319,1,1,1,Lost
12421,2011-11-24 09:07:00,4,807.0400000000002,16,4,3,3,Champions
15797,2011-08-18 17:04:00,4,2207.4,113,2,3,4,Loyal Customers
15052,2011-01-24 15:52:00,1,215.78,319,1,1,1,Lost
14130,2011-01-24 16:05:00,1,483.85999999999996,319,1,1,2,Lost
15222,2011-01-25 08:03:00,1,585.0,319,1,1,2,Lost
13615,2011-01-25 08:21:00,1,417.6900000000001,319,1,1,2,Lost
13901,2011-09-28 14:48:00,5,2867.2,72,2,4,4,Loyal Customers
13158,2011-09-06 11:58:00,4,1201.0600000000004,95,2,3,3,Loyal Customers
14257,2011-10-06 16:54:00,5,3099.72,64,2,4,4,Loyal Customers
15218,2011-11-29 11:48:00,11,5756.890000000001,11,4,4,4,Champions
15110,2011-11-16 11:16:00,4,996.1,24,3,3,3,Champions
15967,2011-11-16 15:41:00,2,418.8299999999999,23,3,2,2,New / Promising
16757,2011-01-25 11:59:00,1,106.83,319,1,1,1,Lost
13815,2011-11-17 14:19:00,4,4027.3599999999983,22,3,3,4,Champions
18008,2011-09-30 15:17:00,9,2116.19,70,2,4,4,Loyal Customers
14534,2011-12-07 12:19:00,18,4447.049999999999,3,4,4,4,Champions
13703,2011-01-25 13:10:00,1,99.5,318,1,1,1,Lost
15339,2011-10-04 12:51:00,2,574.0699999999998,66,2,2,2,Needs Attention
12744,2011-10-19 11:18:00,7,21279.289999999994,52,2,4,4,Loyal Customers
12854,2011-09-22 12:15:00,3,1324.5000000000007,79,2,3,3,Loyal Customers
16222,2011-01-25 13:38:00,1,846.7200000000007,318,1,1,3,Lost
14341,2011-10-25 15:48:00,8,2182.2799999999984,45,3,4,4,Champions
13168,2011-11-03 12:56:00,4,1319.19,36,3,3,3,Champions
16943,2011-05-12 11:57:00,3,816.7299999999999,212,1,3,3,At Risk
17515,2011-11-08 14:04:00,4,639.0199999999998,31,3,3,2,Loyal Customers
17082,2011-11-06 15:17:00,2,2003.8500000000008,33,3,2,4,New / Promising
14248,2011-01-25 14:45:00,1,302.58,318,1,1,1,Lost
12609,2011-09-22 16:34:00,3,1126.8500000000001,78,2,3,3,Loyal Customers
13002,2011-01-25 15:18:00,1,120.94999999999999,318,1,1,1,Lost
16133,2011-12-06 11:24:00,33,14589.039999999997,4,4,4,4,Champions
13049,2011-10-06 15:31:00,2,656.6800000000002,64,2,2,2,Needs Attention
14548,2011-07-12 12:19:00,2,652.8,151,1,2,2,Lost
13405,2011-09-26 17:01:00,3,572.4509999999999,74,2,3,2,Loyal Customers
16043,2011-11-02 12:50:00,4,773.9900000000004,38,3,3,3,Champions
14049,2011-11-23 12:20:00,4,5681.719999999997,17,4,3,4,Champions
15812,2011-08-24 14:19:00,5,1801.14,107,2,4,4,Loyal Customers
13837,2011-05-12 12:10:00,2,271.24000000000007,212,1,2,1,Lost
17118,2011-01-26 12:19:00,1,157.02,318,1,1,1,Lost
14616,2011-04-11 09:54:00,3,406.08000000000004,243,1,3,2,At Risk
14233,2011-10-21 15:54:00,4,1462.7200000000007,49,3,3,3,Champions
17075,2011-11-22 11:58:00,4,834.1200000000002,18,4,3,3,Champions
16714,2011-05-05 11:09:00,3,1161.5299999999993,219,1,3,3,At Risk
13098,2011-12-08 14:14:00,28,28882.440000000013,1,4,4,4,Champions
17027,2011-09-22 12:24:00,6,890.2899999999997,79,2,4,3,Loyal Customers
12591,2011-01-26 14:35:00,1,452.84999999999985,317,1,1,2,Lost
17786,2011-09-15 12:51:00,2,278.74,85,2,2,1,Needs Attention
16124,2011-01-26 14:45:00,1,249.0,317,1,1,1,Lost
16409,2011-11-03 16:45:00,5,2028.8800000000017,36,3,4,4,Champions
13754,2011-07-11 11:51:00,2,282.6,152,1,2,1,Lost
15227,2011-11-03 11:59:00,5,1219.4,37,3,4,3,Champions
12997,2011-11-17 15:47:00,4,1226.89,22,3,3,3,Champions
16918,2011-10-21 12:50:00,6,1068.8199999999997,50,3,4,3,Champions
16882,2011-10-04 10:42:00,3,705.1199999999998,67,2,3,3,Loyal Customers
14442,2011-05-19 11:36:00,2,1589.8200000000002,205,1,2,3,Lost
16496,2011-12-01 10:31:00,3,1599.5200000000002,9,4,3,3,Champions
12764,2011-01-27 10:19:00,1,1693.8800000000003,317,1,1,4,Lost
17311,2011-09-22 14:11:00,2,1384.8500000000001,78,2,2,3,Needs Attention
15910,2011-12-09 10:51:00,8,1232.1799999999996,1,4,4,3,Champions
16949,2011-12-06 11:07:00,6,1286.27,4,4,4,3,Champions
14970,2011-10-02 13:44:00,4,1592.06,68,2,3,3,Loyal Customers
14701,2011-11-29 12:38:00,9,2549.369999999999,11,4,4,4,Champions
12645,2011-11-06 12:38:00,4,1775.1800000000005,34,3,3,4,Champions
12468,2011-06-05 11:36:00,2,729.54,188,1,2,3,Lost
16767,2011-11-09 09:42:00,11,5580.599999999999,31,3,4,4,Champions
14738,2011-10-28 08:56:00,7,1314.4499999999998,43,3,4,3,Champions
17540,2011-11-15 11:56:00,2,578.9,25,3,2,2,New / Promising
14239,2011-10-27 14:40:00,11,2380.8500000000017,43,3,4,4,Champions
18125,2011-11-10 12:29:00,4,1142.989999999999,30,3,3,3,Champions
13328,2011-01-27 15:22:00,1,1308.48,316,1,1,3,Lost
15549,2011-09-23 16:22:00,3,1693.26,77,2,3,4,Loyal Customers
15864,2011-11-17 13:32:00,6,1936.3200000000002,22,3,4,4,Champions
14662,2011-11-11 12:13:00,4,771.1700000000003,29,3,3,3,Champions
17180,2011-10-14 15:46:00,4,796.0300000000002,56,2,3,3,Loyal Customers
15057,2011-03-09 15:17:00,2,1489.5,275,1,2,3,Lost
12574,2011-01-28 09:20:00,1,218.45000000000002,316,1,1,1,Lost
13330,2011-09-08 12:27:00,3,1140.9299999999996,93,2,3,3,Loyal Customers
13552,2011-10-04 15:19:00,12,3740.070000000001,66,2,4,4,Loyal Customers
12853,2011-07-28 11:29:00,6,1957.1,135,2,4,4,Loyal Customers
13538,2011-10-27 16:34:00,7,1280.85,43,3,4,3,Champions
16755,2011-08-17 13:21:00,3,1496.8300000000004,114,2,3,3,Loyal Customers
14133,2011-08-02 11:34:00,3,605.6399999999999,130,2,3,2,Loyal Customers
16523,2011-12-08 09:06:00,21,9418.470000000007,2,4,4,4,Champions
14659,2011-12-01 12:17:00,9,2529.930000000001,9,4,4,4,Champions
13141,2011-09-16 09:54:00,5,2388.7499999999995,85,2,4,4,Loyal Customers
15365,2011-11-14 08:29:00,7,2314.32,26,3,4,4,Champions
13707,2011-03-17 18:03:00,2,806.4100000000004,267,1,2,3,Lost
13709,2011-12-06 10:28:00,13,6328.050000000004,4,4,4,4,Champions
17329,2011-11-25 14:24:00,2,523.11,14,4,2,2,New / Promising
14805,2011-11-24 16:20:00,4,554.65,15,4,3,2,Loyal Customers
16897,2011-02-13 15:02:00,2,289.7800000000001,299,1,2,1,Lost
15579,2011-10-02 12:45:00,2,348.5999999999999,69,2,2,2,Needs Attention
14595,2011-11-20 12:12:00,6,1740.6000000000001,20,3,4,4,Champions
13161,2011-01-30 14:03:00,1,112.75,313,1,1,1,Lost
15415,2011-01-30 14:13:00,1,572.8099999999998,313,1,1,2,Lost
17431,2011-01-30 14:36:00,1,403.30000000000007,313,1,1,2,Lost
17463,2011-11-23 13:40:00,5,1896.410000000002,16,4,4,4,Champions
14502,2011-11-20 11:50:00,11,2470.6699999999996,20,3,4,4,Champions
12528,2011-11-30 14:40:00,6,1933.4800000000007,9,4,4,4,Champions
17239,2011-01-31 09:41:00,1,382.50000000000006,313,1,1,2,Lost
14426,2011-11-16 12:25:00,10,4481.670000000001,24,3,4,4,Champions
15448,2011-01-31 10:42:00,1,494.64000000000004,313,1,1,2,Lost
17314,2011-11-15 09:41:00,8,2527.92,25,3,4,4,Champions
17373,2011-10-30 15:28:00,4,646.9200000000001,40,3,3,2,Loyal Customers
18145,2011-11-27 11:22:00,4,2861.5500000000006,13,4,3,4,Champions
14467,2011-11-22 12:48:00,4,598.7599999999999,18,4,3,2,Loyal Customers
12908,2011-06-16 15:39:00,2,750.0,176,1,2,3,Lost
15144,2011-12-01 15:12:00,17,6580.440000000007,8,4,4,4,Champions
14776,2011-10-19 15:34:00,11,2538.299999999999,51,3,4,4,Champions
16403,2011-01-31 13:39:00,1,177.5,312,1,1,1,Lost
16407,2011-11-27 11:05:00,10,2126.9300000000017,13,4,4,4,Champions
17619,2011-01-31 14:18:00,1,218.52000000000004,312,1,1,1,Lost
12778,2011-11-20 11:30:00,6,822.2300000000001,20,3,4,3,Champions
17256,2011-08-24 13:30:00,2,239.99999999999997,107,2,2,1,Needs Attention
17604,2011-05-06 13:43:00,2,309.36,217,1,2,2,Lost
14006,2011-08-16 09:39:00,3,962.1899999999999,116,2,3,3,Loyal Customers
13600,2011-01-31 15:27:00,1,219.51999999999998,312,1,1,1,Lost
15058,2011-11-14 14:57:00,11,2124.9900000000025,25,3,4,4,Champions
15240,2011-10-26 09:50:00,5,1706.57,45,3,4,4,Champions
17147,2011-11-17 12:32:00,4,1714.5900000000001,23,3,3,4,Champions
13881,2011-12-06 12:50:00,20,17159.519999999993,4,4,4,4,Champions
16570,2011-11-24 17:02:00,10,3738.4000000000005,15,4,4,4,Champions
16612,2011-11-07 07:38:00,4,1187.6599999999999,33,3,3,3,Champions
17356,2011-02-01 11:07:00,1,178.21999999999997,312,1,1,1,Lost
12836,2011-10-11 15:10:00,4,2612.8599999999988,59,2,3,4,Loyal Customers
14850,2011-02-01 11:21:00,1,325.75,312,1,1,2,Lost
13939,2011-11-16 13:33:00,3,568.5499999999998,23,3,3,2,Loyal Customers
16745,2011-09-14 11:58:00,17,7194.300000000006,87,2,4,4,Loyal Customers
13606,2011-11-10 17:46:00,3,280.53999999999996,29,3,3,1,Loyal Customers
13494,2011-02-01 11:58:00,1,316.26,312,1,1,2,Lost
13802,2011-07-24 10:54:00,3,4599.420000000001,139,2,3,4,Loyal Customers
12929,2011-02-01 12:08:00,1,117.85000000000001,312,1,1,1,Lost
16419,2011-08-19 12:33:00,6,972.2299999999999,113,2,4,3,Loyal Customers
17035,2011-04-08 11:23:00,2,433.53,246,1,2,2,Lost
15203,2011-11-14 08:16:00,6,1827.7999999999984,26,3,4,4,Champions
16515,2011-10-18 13:10:00,5,1627.1300000000006,52,2,4,3,Loyal Customers
12373,2011-02-01 13:10:00,1,364.6,311,1,1,2,Lost
18202,2011-05-24 12:12:00,3,1396.9900000000007,200,1,3,3,At Risk
12775,2011-11-22 16:33:00,5,1386.0400000000004,17,4,4,3,Champions
14549,2011-02-01 13:47:00,1,289.2399999999999,311,1,1,1,Lost
15981,2011-11-15 08:00:00,8,3408.4799999999987,25,3,4,4,Champions
16110,2011-10-25 14:35:00,3,1337.4800000000016,45,3,3,3,Champions
17376,2011-09-30 12:36:00,2,203.2,71,2,2,1,Needs Attention
13110,2011-11-08 14:30:00,7,1488.6700000000012,31,3,4,3,Champions
16716,2011-03-18 10:03:00,2,901.2,267,1,2,3,Lost
12676,2011-11-15 12:25:00,6,1331.3900000000006,25,3,4,3,Champions
15940,2011-02-01 16:18:00,1,35.8,311,1,1,1,Lost
15971,2011-11-22 12:50:00,12,4199.85,18,4,4,4,Champions
14665,2011-10-10 09:14:00,5,1835.7000000000003,61,2,4,4,Loyal Customers
14457,2011-02-02 09:39:00,1,113.64,311,1,1,1,Lost
15589,2011-03-29 09:54:00,3,478.53,256,1,3,2,At Risk
14411,2011-02-02 10:56:00,1,1063.0,311,1,1,3,Lost
17560,2011-09-06 09:18:00,5,854.9500000000002,95,2,4,3,Loyal Customers
15226,2011-02-02 11:41:00,1,154.41,311,1,1,1,Lost
14460,2011-08-21 14:19:00,3,434.34,110,2,3,2,Loyal Customers
16156,2011-12-01 12:42:00,9,3122.0400000000013,9,4,4,4,Champions
13728,2011-11-03 10:49:00,6,1016.1399999999999,37,3,4,3,Champions
14127,2011-08-09 10:49:00,3,709.7099999999996,123,2,3,3,Loyal Customers
16378,2011-04-06 15:07:00,3,362.95000000000005,247,1,3,2,At Risk
13894,2011-11-16 09:44:00,3,564.62,24,3,3,2,Loyal Customers
13824,2011-11-07 12:41:00,5,1698.9399999999998,33,3,4,4,Champions
18250,2011-02-02 13:16:00,1,349.27000000000004,310,1,1,2,Lost
15270,2011-11-24 09:24:00,7,2379.49,16,4,4,4,Champions
14188,2011-11-09 12:45:00,6,2054.3599999999997,31,3,4,4,Champions
18017,2011-09-19 16:15:00,3,523.0,81,2,3,2,Loyal Customers
15421,2011-10-12 09:20:00,4,950.3599999999996,59,2,3,3,Loyal Customers
17446,2011-06-16 10:42:00,2,120.9,177,1,2,1,Lost
12414,2011-05-06 14:51:00,3,562.41,217,1,3,2,At Risk
14798,2011-10-18 10:58:00,3,173.74,53,2,3,1,Loyal Customers
12990,2011-11-08 13:01:00,3,409.50000000000006,31,3,3,2,Loyal Customers
12350,2011-02-02 16:01:00,1,334.40000000000003,310,1,1,2,Lost
17337,2011-07-11 14:55:00,4,2027.8700000000033,151,1,3,4,At Risk
16405,2011-02-10 15:24:00,2,167.25,302,1,2,1,Lost
17071,2011-11-11 16:31:00,9,2429.0300000000007,28,3,4,4,Champions
13873,2011-08-12 10:08:00,3,389.6,120,2,3,2,Loyal Customers
17362,2011-04-14 14:43:00,2,312.22999999999996,239,1,2,2,Lost
13394,2011-12-08 11:36:00,8,2520.0199999999995,2,4,4,4,Champions
12502,2011-09-05 11:52:00,5,3723.87,96,2,4,4,Loyal Customers
16333,2011-12-02 12:19:00,22,26626.8,8,4,4,4,Champions
16030,2011-02-03 11:28:00,1,331.24000000000007,310,1,1,2,Lost
14044,2011-11-13 12:05:00,4,652.8199999999993,27,3,3,2,Loyal Customers
13800,2011-02-03 12:27:00,1,558.3199999999997,310,1,1,2,Lost
17672,2011-10-20 14:18:00,2,3178.17,50,3,2,4,New / Promising
12464,2011-11-29 13:33:00,8,1212.0499999999997,10,4,4,3,Champions
13581,2011-02-03 14:41:00,1,117.99999999999999,309,1,1,1,Lost
14540,2011-11-30 10:15:00,3,996.26,10,4,3,3,Champions
13539,2011-09-15 10:18:00,3,631.3400000000001,86,2,3,2,Loyal Customers
15885,2011-09-08 10:43:00,3,379.34999999999997,93,2,3,2,Loyal Customers
14497,2011-02-03 17:01:00,1,475.3699999999999,309,1,1,2,Lost
17507,2011-03-23 11:48:00,2,605.5799999999999,262,1,2,2,Lost
13208,2011-10-12 09:54:00,6,1223.8999999999999,59,2,4,3,Loyal Customers
17334,2011-02-10 14:59:00,2,307.02000000000004,302,1,2,1,Lost
13871,2011-11-17 10:49:00,13,6403.250000000004,23,3,4,4,Champions
16938,2011-12-01 10:20:00,4,2736.3800000000015,9,4,3,4,Champions
12754,2011-04-18 09:00:00,3,3010.74,236,1,3,4,At Risk
12410,2011-02-04 10:39:00,2,693.3299999999999,309,1,2,3,Lost
17929,2011-11-28 16:01:00,4,843.0,11,4,3,3,Champions
14778,2011-08-04 15:23:00,2,730.8599999999999,127,2,2,3,Needs Attention
17517,2011-02-04 11:48:00,1,153.94,309,1,1,1,Lost
17226,2011-02-04 11:52:00,1,393.48999999999995,309,1,1,2,Lost
13137,2011-11-29 12:09:00,8,3650.409999999999,11,4,4,4,Champions
13725,2011-10-21 10:03:00,8,1980.5600000000004,50,3,4,4,Champions
13309,2011-12-02 16:34:00,5,1456.7899999999993,7,4,4,3,Champions
12842,2011-09-30 15:33:00,2,1118.99,70,2,2,3,Needs Attention
16109,2011-05-05 09:17:00,2,611.88,219,1,2,2,Lost
17291,2011-02-04 13:04:00,1,550.8000000000001,308,1,1,2,Lost
15090,2011-02-04 14:03:00,1,381.32000000000005,308,1,1,2,Lost
15199,2011-10-11 15:12:00,4,1268.6999999999998,59,2,3,3,Loyal Customers
13911,2011-10-13 15:43:00,9,2580.909999999999,57,2,4,4,Loyal Customers
14194,2011-12-05 10:38:00,21,11349.519999999986,5,4,4,4,Champions
14842,2011-10-27 12:37:00,4,2824.6899999999996,44,3,3,4,Champions
13584,2011-02-06 12:49:00,1,142.40000000000003,307,1,1,1,Lost
17105,2011-07-03 15:53:00,2,665.7800000000004,159,1,2,2,Lost
14438,2011-02-06 14:56:00,1,131.9,306,1,1,1,Lost
12956,2011-02-06 16:08:00,1,108.07,306,1,1,1,Lost
15781,2011-11-14 14:57:00,3,345.4600000000001,25,3,3,2,Loyal Customers
14410,2011-09-08 15:08:00,9,1105.0699999999986,92,2,4,3,Loyal Customers
14600,2011-02-07 09:48:00,1,393.3299999999999,306,1,1,2,Lost
17302,2011-11-25 09:36:00,5,1135.6299999999999,15,4,4,3,Champions
17613,2011-11-17 10:51:00,14,4559.15,23,3,4,4,Champions
13334,2011-09-18 15:21:00,3,3536.819999999998,82,2,3,4,Loyal Customers
13955,2011-07-08 17:19:00,2,322.96,154,1,2,2,Lost
17162,2011-11-11 11:34:00,10,1715.4599999999996,29,3,4,4,Champions
17774,2011-09-04 12:49:00,4,1225.4100000000003,97,2,3,3,Loyal Customers
13809,2011-02-07 13:15:00,1,155.05,305,1,1,1,Lost
15407,2011-11-06 11:55:00,4,1056.44,34,3,3,3,Champions
15577,2011-07-11 17:03:00,3,258.8799999999998,151,1,3,1,At Risk
16332,2011-11-11 14:22:00,7,1593.2000000000003,28,3,4,3,Champions
14048,2011-02-07 14:53:00,1,409.9299999999999,305,1,1,2,Lost
14475,2011-09-29 10:46:00,3,925.8499999999998,72,2,3,3,Loyal Customers
17859,2011-02-08 10:32:00,1,148.21,305,1,1,1,Lost
12576,2011-11-04 10:11:00,5,1315.8299999999997,36,3,4,3,Champions
15753,2011-02-08 12:41:00,1,79.2,305,1,1,1,Lost
12599,2011-11-10 13:34:00,7,1032.5800000000006,29,3,4,3,Champions
14562,2011-12-06 11:05:00,18,5074.769999999998,4,4,4,4,Champions
16951,2011-07-28 12:05:00,3,1277.7500000000014,135,2,3,3,Loyal Customers
16998,2011-07-13 09:44:00,4,295.0,150,1,3,1,At Risk
13133,2011-03-11 10:31:00,2,109.80000000000001,274,1,2,1,Lost
17881,2011-02-08 17:16:00,1,133.35000000000002,304,1,1,1,Lost
15843,2011-02-09 10:19:00,1,118.95,304,1,1,1,Lost
17083,2011-08-22 15:43:00,3,1405.7799999999995,109,2,3,3,Loyal Customers
15970,2011-02-09 12:08:00,1,314.1,304,1,1,2,Lost
13590,2011-11-28 12:54:00,6,1981.9199999999994,11,4,4,4,Champions
17537,2011-11-10 10:56:00,2,897.6200000000003,30,3,2,3,New / Promising
12401,2011-02-09 13:50:00,1,84.3,303,1,1,1,Lost
12462,2011-11-21 09:11:00,2,1189.5900000000001,19,3,2,3,New / Promising
17843,2011-02-09 15:33:00,1,205.48000000000002,303,1,1,1,Lost
13706,2011-02-10 09:21:00,1,330.78999999999996,303,1,1,2,Lost
17940,2011-10-21 13:27:00,10,4106.4400000000005,49,3,4,4,Champions
17686,2011-12-02 15:39:00,7,5739.460000000007,7,4,4,4,Champions
14431,2011-02-10 10:40:00,1,470.35999999999996,303,1,1,2,Lost
15809,2011-11-03 16:40:00,5,515.7699999999999,36,3,4,2,Loyal Customers
12561,2011-02-10 11:39:00,1,238.85,303,1,1,1,Lost
14465,2011-04-07 12:38:00,3,1058.6200000000008,247,1,3,3,At Risk
18093,2011-09-07 15:43:00,4,2106.52,93,2,3,4,Loyal Customers
16027,2011-09-09 10:47:00,6,934.62,92,2,4,3,Loyal Customers
12857,2011-05-13 10:20:00,2,1106.4000000000003,211,1,2,3,Lost
18230,2011-11-30 13:22:00,7,2810.199999999999,9,4,4,4,Champions
16425,2011-02-10 14:30:00,1,302.69999999999993,302,1,1,1,Lost
16842,2011-08-31 10:42:00,3,1264.1899999999998,101,2,3,3,Loyal Customers
15796,2011-12-08 19:55:00,8,2711.5599999999995,1,4,4,4,Champions
14555,2011-10-13 16:24:00,2,324.14000000000004,57,2,2,2,Needs Attention
15114,2011-11-09 15:05:00,10,2760.5599999999977,30,3,4,4,Champions
15133,2011-08-04 10:44:00,3,982.4199999999998,128,2,3,3,Loyal Customers
17705,2011-12-06 13:45:00,9,1823.5199999999993,3,4,4,4,Champions
12897,2011-05-19 12:13:00,2,216.5,205,1,2,1,Lost
17512,2011-11-11 12:11:00,10,2924.990000000001,29,3,4,4,Champions
12477,2011-11-17 09:51:00,6,13219.73999999999,23,3,4,4,Champions
15550,2011-12-05 15:38:00,4,575.63,4,4,3,2,Loyal Customers
18159,2011-02-11 14:26:00,1,530.1500000000002,301,1,1,2,Lost
13875,2011-10-17 09:36:00,5,1786.7900000000004,54,2,4,4,Loyal Customers
15406,2011-11-08 13:22:00,2,510.7099999999999,31,3,2,2,New / Promising
17282,2011-08-01 14:29:00,3,1703.4100000000003,130,2,3,4,Loyal Customers
16434,2011-11-10 14:28:00,7,1522.2500000000005,29,3,4,3,Champions
17050,2011-09-04 13:48:00,6,3228.8399999999992,96,2,4,4,Loyal Customers
13171,2011-11-18 10:27:00,3,468.4099999999999,22,3,3,2,Loyal Customers
17472,2011-06-01 14:57:00,3,710.2900000000002,191,1,3,3,At Risk
17255,2011-10-30 12:18:00,2,298.40999999999997,41,3,2,1,New / Promising
16084,2011-02-13 16:05:00,1,436.17999999999995,299,1,1,2,Lost
17667,2011-10-04 14:32:00,5,2055.5099999999993,66,2,4,4,Loyal Customers
12507,2011-07-28 17:09:00,3,1304.81,134,2,3,3,Loyal Customers
14631,2011-10-20 11:17:00,3,1006.9799999999998,51,3,3,3,Champions
13381,2011-11-08 11:58:00,6,3639.3100000000004,32,3,4,4,Champions
15236,2011-02-14 10:52:00,1,321.05,299,1,1,2,Lost
13475,2011-06-01 13:52:00,4,1431.7800000000009,191,1,3,3,At Risk
17829,2011-02-14 12:46:00,1,889.24,299,1,1,3,Lost
13717,2011-11-07 14:13:00,6,1445.0100000000002,32,3,4,3,Champions
13157,2011-10-21 13:50:00,4,1741.2199999999991,49,3,3,4,Champions
14644,2011-10-03 08:30:00,2,830.76,68,2,2,3,Needs Attention
12993,2011-11-16 15:49:00,4,414.75999999999993,23,3,3,2,Loyal Customers
17571,2011-10-20 15:57:00,4,1498.5100000000014,50,3,3,3,Champions
16979,2011-12-06 12:21:00,6,1852.0000000000005,4,4,4,4,Champions
16738,2011-02-15 09:46:00,1,3.75,298,1,1,1,Lost
15122,2011-08-17 16:48:00,3,1633.779999999999,114,2,3,3,Loyal Customers
17612,2011-10-17 14:59:00,6,2048.4499999999994,53,2,4,4,Loyal Customers
17348,2011-11-25 11:25:00,5,1159.5200000000011,15,4,4,3,Champions
13893,2011-02-15 11:30:00,1,821.1,298,1,1,3,Lost
14035,2011-11-11 10:03:00,5,1428.0200000000002,29,3,4,3,Champions
13623,2011-11-09 12:00:00,5,747.7800000000003,31,3,4,3,Champions
14346,2011-08-11 09:47:00,2,1021.5800000000002,121,2,2,3,Needs Attention
16431,2011-05-10 14:09:00,3,642.81,213,1,3,2,At Risk
12616,2011-09-05 15:17:00,2,713.3,95,2,2,3,Needs Attention
16317,2011-08-12 12:46:00,3,1341.6499999999999,120,2,3,3,Loyal Customers
14935,2011-02-15 14:44:00,1,1784.7099999999998,297,1,1,4,Lost
16073,2011-02-15 15:41:00,1,122.39999999999999,297,1,1,1,Lost
14477,2011-11-20 11:11:00,4,1309.6000000000001,20,3,3,3,Champions
14760,2011-02-15 16:27:00,1,89.2,297,1,1,1,Lost
14897,2011-12-02 10:32:00,4,1366.38,8,4,3,3,Champions
15810,2011-09-22 09:38:00,4,1391.9799999999998,79,2,3,3,Loyal Customers
16509,2011-02-16 09:25:00,1,363.7,297,1,1,2,Lost
14386,2011-02-16 09:45:00,1,142.4,297,1,1,1,Lost
12455,2011-09-27 15:31:00,6,2466.859999999997,73,2,4,4,Loyal Customers
14530,2011-11-14 10:38:00,6,2925.910000000001,26,3,4,4,Champions
15670,2011-02-16 10:50:00,1,173.05,297,1,1,1,Lost
12653,2011-07-14 10:41:00,2,2209.8500000000004,149,1,2,4,Lost
16126,2011-11-10 16:03:00,4,6287.770000000002,29,3,3,4,Champions
14609,2011-09-28 12:54:00,4,601.5600000000001,72,2,3,2,Loyal Customers
13414,2011-07-29 11:45:00,3,1390.5,134,2,3,3,Loyal Customers
12823,2011-09-26 07:35:00,5,1759.5,75,2,4,4,Loyal Customers
12352,2011-11-03 14:37:00,8,2506.040000000001,36,3,4,4,Champions
12372,2011-09-29 12:12:00,3,1298.0400000000002,72,2,3,3,Loyal Customers
14944,2011-11-10 09:10:00,12,5900.250000000002,30,3,4,4,Champions
16494,2011-02-16 12:49:00,1,826.5299999999999,297,1,1,3,Lost
14959,2011-10-06 18:23:00,4,695.42,64,2,3,3,Loyal Customers
16148,2011-02-16 14:01:00,1,76.32000000000001,296,1,1,1,Lost
17422,2011-11-23 13:27:00,6,1979.37,16,4,4,4,Champions
17175,2011-10-26 15:31:00,4,1443.6900000000003,44,3,3,3,Champions
18257,2011-10-31 14:48:00,8,2337.6300000000006,39,3,4,4,Champions
12362,2011-12-06 15:40:00,10,5226.230000000003,3,4,4,4,Champions
13018,2011-11-23 13:28:00,28,7277.699999999997,16,4,4,4,Champions
13718,2011-04-07 13:24:00,2,306.55,246,1,2,1,Lost
15382,2011-11-25 10:58:00,6,5955.709999999999,15,4,4,4,Champions
14754,2011-10-26 12:01:00,2,638.0500000000001,45,3,2,2,New / Promising
13151,2011-02-17 12:29:00,1,1257.8700000000003,296,1,1,3,Lost
12654,2011-11-29 10:10:00,5,601.98,11,4,4,2,Loyal Customers
13085,2011-07-05 12:11:00,2,416.08000000000004,158,1,2,2,Lost
15903,2011-11-30 08:08:00,7,5126.76,10,4,4,4,Champions
15785,2011-11-07 11:33:00,5,2328.9700000000003,33,3,4,4,Champions
18138,2011-02-17 14:51:00,1,152.65,295,1,1,1,Lost
14379,2011-10-26 16:43:00,2,348.1,44,3,2,2,New / Promising
14211,2011-10-17 13:23:00,9,2241.1000000000004,53,2,4,4,Loyal Customers
14371,2011-02-17 16:35:00,1,100.5,295,1,1,1,Lost
13425,2011-08-23 17:13:00,3,1624.2099999999998,108,2,3,3,Loyal Customers
12852,2011-02-18 08:47:00,1,311.54999999999995,295,1,1,2,Lost
15228,2011-10-04 13:56:00,4,3386.7100000000005,66,2,3,4,Loyal Customers
13012,2011-11-30 13:05:00,8,1661.8400000000008,9,4,4,3,Champions
16182,2011-09-28 13:23:00,4,6617.650000000001,72,2,3,4,Loyal Customers
13489,2011-08-26 13:16:00,4,449.52,105,2,3,2,Loyal Customers
12714,2011-11-30 15:43:00,5,4708.859999999994,9,4,4,4,Champions
13904,2011-11-02 13:41:00,2,332.63999999999993,37,3,2,2,New / Promising
15755,2011-11-29 14:57:00,6,2364.2500000000023,10,4,4,4,Champions
13932,2011-02-18 12:02:00,1,307.4,295,1,1,2,Lost
13799,2011-08-15 12:07:00,2,688.8600000000002,117,2,2,3,Needs Attention
13951,2011-06-16 16:43:00,3,674.4499999999998,176,1,3,2,At Risk
16765,2011-02-18 15:41:00,1,34.0,294,1,1,1,Lost
16566,2011-11-24 16:34:00,5,614.66,15,4,4,2,Loyal Customers
12891,2011-06-07 12:31:00,3,331.0,186,1,3,2,At Risk
16466,2011-11-06 11:35:00,7,1603.4600000000007,34,3,4,3,Champions
16115,2011-11-30 11:32:00,8,1667.9700000000018,10,4,4,4,Champions
14162,2011-06-19 11:36:00,2,289.36000000000007,174,1,2,1,Lost
13301,2011-08-28 11:25:00,4,618.0899999999998,104,2,3,2,Loyal Customers
14803,2011-06-30 13:58:00,3,845.5500000000002,162,1,3,3,At Risk
13744,2011-09-05 15:19:00,2,1156.36,95,2,2,3,Needs Attention
12988,2011-02-20 14:31:00,1,535.32,292,1,1,2,Lost
17323,2011-11-24 17:29:00,7,921.0700000000006,15,4,4,3,Champions
12707,2011-02-21 08:38:00,1,603.42,292,1,1,2,Lost
18094,2011-09-19 09:28:00,7,3017.2999999999993,82,2,4,4,Loyal Customers
15129,2011-10-20 14:40:00,11,3447.4,50,3,4,4,Champions
17361,2011-10-21 15:43:00,3,488.2,49,3,3,2,Loyal Customers
18155,2011-09-25 13:32:00,3,371.62000000000006,75,2,3,2,Loyal Customers
15321,2011-09-30 09:40:00,3,2748.3100000000004,71,2,3,4,Loyal Customers
13477,2011-11-02 12:04:00,6,1454.579999999999,38,3,4,3,Champions
15065,2011-11-02 09:45:00,4,3158.1300000000006,38,3,3,4,Champions
16980,2011-03-29 16:36:00,2,1078.9600000000005,255,1,2,3,Lost
15146,2011-06-28 12:09:00,2,1327.1600000000008,165,1,2,3,Lost
12365,2011-02-21 14:04:00,2,641.38,291,1,2,2,Lost
13410,2011-11-15 15:33:00,5,1003.0600000000001,24,3,4,3,Champions
13044,2011-02-21 15:20:00,1,560.4700000000001,291,1,1,2,Lost
16441,2011-10-03 17:48:00,2,381.2,67,2,2,2,Needs Attention
16014,2011-11-02 12:04:00,3,662.3799999999999,38,3,3,2,Loyal Customers
14520,2011-12-08 09:46:00,2,270.6,2,4,2,1,New / Promising
18087,2011-09-02 15:12:00,2,4055.7199999999993,98,2,2,4,Needs Attention
17994,2011-08-10 11:41:00,4,678.4900000000001,122,2,3,3,Loyal Customers
13038,2011-09-20 14:37:00,3,908.46,80,2,3,3,Loyal Customers
17002,2011-09-15 12:40:00,3,1493.73,86,2,3,3,Loyal Customers
15722,2011-11-04 11:43:00,5,2222.56,36,3,4,4,Champions
16349,2011-02-22 12:40:00,1,53.5,291,1,1,1,Lost
16913,2011-02-22 12:56:00,1,113.44000000000001,290,1,1,1,Lost
17442,2011-11-03 09:17:00,6,2248.560000000001,37,3,4,4,Champions
14895,2011-12-02 09:23:00,20,11138.710000000006,8,4,4,4,Champions
18114,2011-02-22 13:20:00,1,220.1,290,1,1,1,Lost
15303,2011-02-22 13:59:00,1,574.02,290,1,1,2,Lost
12845,2011-03-17 13:34:00,4,354.09000000000003,267,1,3,2,At Risk
18188,2011-11-24 16:46:00,3,2001.04,15,4,3,4,Champions
16045,2011-08-12 12:41:00,4,1340.7000000000003,120,2,3,3,Loyal Customers
16573,2011-09-16 09:13:00,2,663.6099999999998,85,2,2,2,Needs Attention
13421,2011-10-30 14:21:00,2,1851.0799999999995,40,3,2,4,New / Promising
18196,2011-09-05 16:22:00,2,689.1300000000003,95,2,2,3,Needs Attention
13285,2011-11-16 13:19:00,4,2709.1200000000003,23,3,3,4,Champions
13184,2011-11-25 12:02:00,10,1701.2900000000009,15,4,4,4,Champions
18151,2011-07-28 11:35:00,2,653.3499999999999,135,2,2,2,Needs Attention
13804,2011-11-09 12:32:00,7,2635.7900000000004,31,3,4,4,Champions
17499,2011-02-23 09:14:00,1,622.88,290,1,1,2,Lost
15397,2011-02-23 09:25:00,1,94.0,290,1,1,1,Lost
14276,2011-09-02 09:45:00,3,1119.7399999999998,99,2,3,3,Loyal Customers
13453,2011-06-27 09:34:00,2,356.98,166,1,2,2,Lost
18172,2011-11-25 11:12:00,20,7561.68,15,4,4,4,Champions
16394,2011-10-14 09:48:00,5,1555.3400000000006,57,2,4,3,Loyal Customers
17711,2011-11-29 11:40:00,2,385.1,11,4,2,2,New / Promising
13865,2011-10-12 13:31:00,4,501.56,58,2,3,2,Loyal Customers
16940,2011-10-18 13:15:00,3,3049.880000000001,52,2,3,4,Loyal Customers
14289,2011-12-01 11:44:00,6,911.2599999999999,9,4,4,3,Champions
16208,2011-10-26 11:36:00,2,664.2600000000001,45,3,2,2,New / Promising
17063,2011-11-18 16:19:00,7,1461.1399999999996,21,3,4,3,Champions
13149,2011-11-25 13:09:00,4,1676.0599999999997,14,4,3,4,Champions
18068,2011-02-23 14:50:00,1,101.69999999999999,289,1,1,1,Lost
15932,2011-12-05 17:13:00,8,2495.870000000001,4,4,4,4,Champions
16692,2011-03-28 14:46:00,2,1276.0,256,1,2,3,Lost
17171,2011-02-23 16:37:00,1,224.90999999999997,289,1,1,1,Lost
18231,2011-05-31 14:18:00,5,2083.2700000000013,192,1,4,4,At Risk
14004,2011-10-27 14:40:00,7,4582.639999999999,43,3,4,4,Champions
17139,2011-11-24 10:12:00,12,10668.469999999988,16,4,4,4,Champions
14513,2011-08-31 11:25:00,3,455.59000000000003,101,2,3,2,Loyal Customers
15974,2011-10-31 13:13:00,7,3442.15,39,3,4,4,Champions
17830,2011-12-08 12:28:00,3,398.7,2,4,3,2,Loyal Customers
12565,2011-02-24 10:34:00,1,145.92,289,1,1,1,Lost
12582,2011-04-15 08:45:00,2,511.3599999999999,239,1,2,2,Lost
14231,2011-06-09 11:05:00,3,925.71,184,1,3,3,At Risk
17867,2011-11-09 14:15:00,6,1197.1000000000004,30,3,4,3,Champions
14880,2011-09-23 13:42:00,3,706.1900000000002,77,2,3,3,Loyal Customers
13118,2011-11-20 12:46:00,5,1197.8099999999995,20,3,4,3,Champions
15121,2011-10-20 14:51:00,2,457.71999999999997,50,3,2,2,New / Promising
17117,2011-02-24 13:54:00,1,116.19999999999997,288,1,1,1,Lost
12945,2011-02-24 14:15:00,1,462.95000000000005,288,1,1,2,Lost
18056,2011-02-24 14:27:00,1,363.65,288,1,1,2,Lost
16072,2011-02-24 14:32:00,1,584.3199999999999,288,1,1,2,Lost
16838,2011-05-26 13:13:00,2,588.8500000000001,197,1,2,2,Lost
15543,2011-02-24 15:26:00,1,127.85999999999999,288,1,1,1,Lost
13751,2011-02-24 15:56:00,1,296.24999999999994,288,1,1,1,Lost
15847,2011-11-01 14:41:00,2,389.27,38,3,2,2,New / Promising
13851,2011-09-05 12:36:00,3,2651.46,96,2,3,4,Loyal Customers
13501,2011-02-24 18:59:00,1,1340.3199999999997,288,1,1,3,Lost
12633,2011-10-12 11:40:00,4,2163.9799999999996,59,2,3,4,Loyal Customers
13345,2011-02-25 09:01:00,1,389.50000000000006,288,1,1,2,Lost
13870,2011-12-07 13:23:00,8,2770.9400000000005,2,4,4,4,Champions
17034,2011-11-23 15:14:00,3,745.5200000000001,16,4,3,3,Champions
16592,2011-12-05 13:49:00,16,4113.679999999999,4,4,4,4,Champions
15712,2011-11-30 14:09:00,5,1072.3600000000001,9,4,4,3,Champions
13362,2011-11-30 14:41:00,4,3090.7399999999984,9,4,3,4,Champions
14470,2011-11-28 10:31:00,2,461.19000000000005,12,4,2,2,New / Promising
17388,2011-09-23 10:31:00,4,1259.56,78,2,3,3,Loyal Customers
16841,2011-11-03 11:51:00,6,1869.8200000000004,37,3,4,4,Champions
13753,2011-02-25 12:48:00,1,741.26,288,1,1,3,Lost
13666,2011-10-10 15:39:00,3,84.65000000000002,60,2,3,1,Loyal Customers
12361,2011-02-25 13:51:00,1,189.89999999999998,287,1,1,1,Lost
14481,2011-06-28 10:38:00,2,636.5100000000001,165,1,2,2,Lost
13792,2011-10-04 14:31:00,2,195.54999999999995,66,2,2,1,Needs Attention
17663,2011-11-14 08:56:00,7,1802.9099999999999,26,3,4,4,Champions
13973,2011-02-25 15:21:00,1,264.7,287,1,1,1,Lost
15990,2011-10-26 15:58:00,2,792.11,44,3,2,3,New / Promising
13493,2011-03-09 15:35:00,2,618.63,275,1,2,2,Lost
13684,2011-02-27 10:13:00,1,67.23000000000002,286,1,1,1,Lost
13261,2011-03-16 12:22:00,2,944.1,269,1,2,3,Lost
16598,2011-02-27 11:42:00,1,145.05,286,1,1,1,Lost
14147,2011-09-22 18:10:00,2,483.4,78,2,2,2,Needs Attention
15951,2011-12-01 08:34:00,2,708.2200000000001,9,4,2,3,New / Promising
13971,2011-11-21 12:06:00,8,2758.26,19,3,4,4,Champions
17516,2011-11-24 16:51:00,5,768.0800000000002,15,4,4,3,Champions
13630,2011-12-04 15:16:00,7,2031.7800000000002,5,4,4,4,Champions
14157,2011-11-20 11:32:00,2,432.88000000000017,20,3,2,2,New / Promising
13636,2011-11-03 10:30:00,5,949.1199999999999,37,3,4,3,Champions
13610,2011-11-27 15:38:00,7,1131.8800000000006,12,4,4,3,Champions
14745,2011-08-19 10:05:00,5,1220.2600000000002,113,2,4,3,Loyal Customers
12781,2011-10-07 10:37:00,2,826.7400000000001,64,2,2,3,Needs Attention
14036,2011-02-28 09:26:00,1,626.6499999999999,285,1,1,2,Lost
16057,2011-11-23 15:23:00,7,2263.12,16,4,4,4,Champions
16992,2011-11-29 11:50:00,5,1614.31,11,4,4,3,Champions
15724,2011-05-22 14:40:00,2,218.25,201,1,2,1,Lost
12458,2011-09-29 15:25:00,2,947.4000000000001,71,2,2,3,Needs Attention
12598,2011-11-30 12:18:00,8,3023.079999999999,10,4,4,4,Champions
13675,2011-07-11 12:57:00,2,486.82000000000005,151,1,2,2,Lost
14227,2011-11-13 15:48:00,10,3350.9600000000014,26,3,4,4,Champions
16668,2011-11-24 17:43:00,6,306.71999999999997,15,4,4,1,Loyal Customers
16667,2011-10-02 15:26:00,2,570.1299999999998,68,2,2,2,Needs Attention
13509,2011-12-01 10:10:00,7,979.7200000000001,9,4,4,3,Champions
15874,2011-10-07 12:31:00,7,4405.879999999999,64,2,4,4,Loyal Customers
16187,2011-11-08 09:50:00,15,6911.439999999999,32,3,4,4,Champions
16339,2011-02-28 13:41:00,1,109.95000000000002,284,1,1,1,Lost
12509,2011-02-28 14:45:00,1,176.5,284,1,1,1,Lost
14046,2011-02-28 14:48:00,1,154.98999999999998,284,1,1,1,Lost
13292,2011-11-01 10:04:00,2,578.9399999999999,39,3,2,2,New / Promising
16427,2011-03-21 17:10:00,2,241.06,263,1,2,1,Lost
14056,2011-12-08 13:36:00,23,8214.64999999998,1,4,4,4,Champions
15656,2011-10-25 14:56:00,4,748.5000000000001,45,3,3,3,Champions
12811,2011-03-24 09:42:00,3,514.85,261,1,3,2,At Risk
16518,2011-10-09 15:04:00,2,484.32000000000016,61,2,2,2,Needs Attention
17165,2011-02-28 16:39:00,1,158.68,284,1,1,1,Lost
17462,2011-10-10 13:56:00,2,675.6899999999999,60,2,2,3,Needs Attention
14620,2011-05-18 11:58:00,2,412.78,206,1,2,2,Lost
14740,2011-05-26 18:17:00,3,1448.2099999999994,197,1,3,3,At Risk
16462,2011-09-27 10:24:00,3,136.0,74,2,3,1,Loyal Customers
12428,2011-11-14 08:22:00,9,7956.460000000004,26,3,4,4,Champions
16078,2011-03-01 09:47:00,1,79.2,284,1,1,1,Lost
16915,2011-11-30 16:39:00,6,621.6800000000001,9,4,4,2,Loyal Customers
15676,2011-11-21 12:40:00,3,3435.7599999999998,19,3,3,4,Champions
15709,2011-03-01 10:38:00,1,133.25,284,1,1,1,Lost
15241,2011-10-04 09:05:00,8,1756.4400000000007,67,2,4,4,Loyal Customers
12933,2011-11-15 16:38:00,3,607.5299999999999,24,3,3,2,Loyal Customers
15092,2011-05-08 14:10:00,2,457.80999999999995,215,1,2,2,Lost
12679,2011-10-12 12:30:00,4,1113.0200000000002,59,2,3,3,Loyal Customers
15319,2011-03-01 12:48:00,1,204.5,284,1,1,1,Lost
16212,2011-11-20 13:00:00,2,690.34,19,3,2,3,New / Promising
15257,2011-03-01 12:58:00,1,317.15,283,1,1,2,Lost
14656,2011-06-23 13:51:00,2,291.04999999999984,169,1,2,1,Lost
13884,2011-12-02 16:30:00,5,787.6000000000001,7,4,4,3,Champions
12866,2011-03-01 14:11:00,1,559.1199999999999,283,1,1,2,Lost
14676,2011-11-08 13:29:00,6,2548.24,31,3,4,4,Champions
13166,2011-03-01 15:16:00,1,417.19999999999993,283,1,1,2,Lost
16389,2011-10-17 14:41:00,4,1382.07,53,2,3,3,Loyal Customers
14292,2011-12-02 11:50:00,9,4871.9299999999985,8,4,4,4,Champions
15416,2011-10-06 09:38:00,4,3984.3199999999993,65,2,3,4,Loyal Customers
15733,2011-03-02 09:05:00,1,162.3,283,1,1,1,Lost
16678,2011-12-07 12:17:00,12,3109.990000000001,3,4,4,4,Champions
12834,2011-03-02 09:49:00,1,312.38,283,1,1,2,Lost
13722,2011-07-31 12:44:00,3,2375.4100000000008,132,2,3,4,Loyal Customers
14934,2011-09-19 10:10:00,2,1890.9400000000005,82,2,2,4,Needs Attention
15067,2011-09-22 13:20:00,3,1744.7600000000004,78,2,3,4,Loyal Customers
16128,2011-11-22 11:14:00,5,1880.22,18,4,4,4,Champions
17770,2011-05-25 12:34:00,5,1143.2699999999995,199,1,4,3,At Risk
15622,2011-10-27 16:44:00,9,3709.5600000000018,43,3,4,4,Champions
14473,2011-09-26 15:10:00,2,234.34,74,2,2,1,Needs Attention
15104,2011-05-27 12:29:00,2,1027.44,197,1,2,3,Lost
15643,2011-06-01 07:38:00,3,664.0000000000002,192,1,3,2,At Risk
16792,2011-03-02 14:41:00,2,110.38000000000001,282,1,2,1,Lost
15031,2011-12-05 14:19:00,4,668.14,4,4,3,2,Loyal Customers
15636,2011-09-11 11:17:00,2,724.76,90,2,2,3,Needs Attention
12873,2011-03-02 14:58:00,1,374.0,282,1,1,2,Lost
17923,2011-03-02 15:15:00,1,207.50000000000003,282,1,1,1,Lost
16217,2011-04-18 13:31:00,2,304.25,235,1,2,1,Lost
17738,2011-11-20 15:05:00,4,1879.0500000000002,19,3,3,4,Champions
17426,2011-12-01 18:07:00,6,5037.259999999998,8,4,4,4,Champions
16957,2011-04-14 13:56:00,2,416.64,239,1,2,2,Lost
16571,2011-11-13 11:46:00,3,1421.6900000000003,27,3,3,3,Champions
14483,2011-03-03 10:26:00,1,137.10000000000002,282,1,1,1,Lost
15087,2011-03-03 10:34:00,1,306.94,282,1,1,1,Lost
16709,2011-09-16 10:56:00,5,3029.870000000001,85,2,4,4,Loyal Customers
17856,2011-12-08 09:40:00,4,1418.0300000000002,2,4,3,3,Champions
15053,2011-12-05 12:08:00,3,697.79,5,4,3,3,Champions
18218,2011-05-12 12:53:00,2,662.08,211,1,2,2,Lost
16159,2011-03-03 12:27:00,1,348.2000000000001,282,1,1,2,Lost
17995,2011-03-03 12:30:00,1,76.1,282,1,1,1,Lost
17374,2011-05-05 09:05:00,2,495.7699999999999,219,1,2,2,Lost
17789,2011-03-03 13:14:00,1,225.9,281,1,1,1,Lost
17416,2011-11-10 12:47:00,7,6893.420000000002,30,3,4,4,Champions
17652,2011-11-14 12:55:00,12,4867.7199999999975,25,3,4,4,Champions
13476,2011-06-14 12:00:00,2,1238.4699999999998,179,1,2,3,Lost
12817,2011-03-03 16:28:00,1,166.04,281,1,1,1,Lost
17700,2011-11-23 11:51:00,4,2534.64,17,4,3,4,Champions
15393,2011-11-23 16:48:00,2,231.86,16,4,2,1,New / Promising
13014,2011-11-29 12:27:00,10,3466.2799999999997,11,4,4,4,Champions
17508,2011-03-04 08:10:00,1,387.31,281,1,1,2,Lost
13931,2011-09-05 10:12:00,2,1237.5300000000002,96,2,2,3,Needs Attention
12541,2011-11-10 10:40:00,3,981.1800000000002,30,3,3,3,Champions
13382,2011-03-04 10:03:00,1,222.99,281,1,1,1,Lost
15220,2011-10-19 12:39:00,6,1778.9599999999994,52,2,4,4,Loyal Customers
14570,2011-03-04 10:58:00,2,218.05999999999992,281,1,2,1,Lost
14447,2011-11-21 08:28:00,5,1163.2300000000005,19,3,4,3,Champions
13557,2011-11-11 15:24:00,2,584.0600000000001,28,3,2,2,New / Promising
16449,2011-05-26 10:25:00,2,707.6899999999998,198,1,2,3,Lost
12547,2011-05-26 12:38:00,2,207.8,198,1,2,1,Lost
17325,2011-03-04 13:09:00,1,96.8,280,1,1,1,Lost
14995,2011-11-01 11:39:00,2,233.23000000000005,39,3,2,1,New / Promising
16414,2011-11-18 09:42:00,2,126.25,22,3,2,1,New / Promising
15681,2011-11-14 16:30:00,5,1426.1599999999999,25,3,4,3,Champions
14670,2011-03-04 14:13:00,2,411.5300000000001,280,1,2,2,Lost
15675,2011-09-19 13:48:00,3,323.69,81,2,3,2,Loyal Customers
12584,2011-12-06 09:35:00,9,2338.1499999999996,4,4,4,4,Champions
17535,2011-03-04 15:20:00,1,164.39999999999998,280,1,1,1,Lost
15400,2011-09-08 13:57:00,5,716.2,92,2,4,3,Loyal Customers
14903,2011-11-18 16:07:00,5,2810.63,21,3,4,4,Champions
14499,2011-11-13 13:01:00,3,815.32,26,3,3,3,Champions
18211,2011-11-14 08:10:00,5,600.07,26,3,4,2,Loyal Customers
14504,2011-10-23 16:00:00,4,673.2599999999995,47,3,3,2,Loyal Customers
15572,2011-12-05 10:09:00,7,2552.86,5,4,4,4,Champions
17107,2011-11-06 14:14:00,6,10815.429999999995,33,3,4,4,Champions
14247,2011-03-06 15:21:00,1,136.77,278,1,1,1,Lost
15554,2011-03-07 09:00:00,1,217.2,278,1,1,1,Lost
14915,2011-09-09 13:34:00,2,307.48,91,2,2,2,Needs Attention
16136,2011-10-11 09:10:00,3,709.3800000000002,60,2,3,3,Loyal Customers
18280,2011-03-07 09:52:00,1,180.6,278,1,1,1,Lost
12614,2011-03-07 10:22:00,1,315.59999999999997,278,1,1,2,Lost
13344,2011-10-03 09:45:00,3,2543.720000000002,68,2,3,4,Loyal Customers
16621,2011-10-19 11:38:00,4,813.4800000000002,52,2,3,3,Loyal Customers
16225,2011-10-26 08:30:00,5,1096.32,45,3,4,3,Champions
14214,2011-11-09 10:31:00,5,1004.3799999999997,31,3,4,3,Champions
14012,2011-03-07 12:26:00,1,328.8,278,1,1,2,Lost
16356,2011-05-26 11:51:00,3,211.76999999999998,198,1,3,1,At Risk
17654,2011-03-07 13:17:00,1,117.54999999999998,277,1,1,1,Lost
15026,2011-09-20 13:52:00,3,469.0,80,2,3,2,Loyal Customers
16517,2011-03-07 13:50:00,1,162.70000000000005,277,1,1,1,Lost
14817,2011-05-23 13:35:00,2,1110.3399999999997,200,1,2,3,Lost
17092,2011-10-20 19:51:00,4,1777.7800000000007,50,3,3,4,Champions
16242,2011-12-01 15:12:00,7,3603.210000000001,8,4,4,4,Champions
15869,2011-03-07 17:23:00,2,149.64,277,1,2,1,Lost
17817,2011-12-05 14:39:00,3,387.6799999999999,4,4,3,2,Loyal Customers
15834,2011-09-30 14:41:00,4,2233.749999999999,70,2,3,4,Loyal Customers
15234,2011-03-08 08:53:00,1,197.0,277,1,1,1,Lost
15764,2011-09-12 17:58:00,6,3279.9700000000003,88,2,4,4,Loyal Customers
15806,2011-10-24 14:35:00,3,784.5799999999999,46,3,3,3,Champions
15819,2011-10-21 14:50:00,4,1905.45,49,3,3,4,Champions
14586,2011-03-08 10:04:00,1,237.35999999999996,277,1,1,1,Lost
15944,2011-03-08 10:33:00,1,325.1,277,1,1,2,Lost
13340,2011-10-25 13:15:00,7,10736.47999999999,45,3,4,4,Champions
16917,2011-03-08 11:55:00,1,391.5200000000001,277,1,1,2,Lost
14407,2011-08-24 14:02:00,6,2157.7299999999996,107,2,4,4,Loyal Customers
13908,2011-09-21 11:49:00,4,2369.5499999999984,80,2,3,4,Loyal Customers
12758,2011-08-15 10:22:00,2,2791.590000000001,117,2,2,4,Needs Attention
13975,2011-11-08 13:19:00,6,2526.2799999999993,31,3,4,4,Champions
14730,2011-12-08 14:39:00,8,2005.0600000000063,1,4,4,4,Champions
12623,2011-03-08 13:50:00,1,305.1,276,1,1,1,Lost
14367,2011-12-01 13:19:00,16,9261.520000000006,8,4,4,4,Champions
13373,2011-10-10 10:51:00,3,3312.2500000000005,61,2,3,4,Loyal Customers
16712,2011-11-30 13:48:00,11,3645.4299999999957,9,4,4,4,Champions
17639,2011-03-08 15:22:00,1,108.5,276,1,1,1,Lost
16426,2011-12-07 14:01:00,10,1908.2500000000002,2,4,4,4,Champions
16495,2011-12-06 13:20:00,3,684.4100000000003,3,4,3,3,Champions
14336,2011-11-23 11:40:00,4,1614.9100000000008,17,4,3,3,Champions
14507,2011-11-16 12:21:00,6,1383.1799999999994,24,3,4,3,Champions
12759,2011-10-18 14:49:00,3,1531.4400000000007,52,2,3,3,Loyal Customers
17049,2011-12-07 10:48:00,9,5659.980000000006,3,4,4,4,Champions
15206,2011-11-29 13:41:00,4,420.29999999999995,10,4,3,2,Loyal Customers
14013,2011-08-21 15:01:00,3,473.02,110,2,3,2,Loyal Customers
14645,2011-07-06 09:15:00,2,597.09,157,1,2,2,Lost
15071,2011-09-07 11:43:00,2,982.0699999999997,94,2,2,3,Needs Attention
14112,2011-11-17 12:30:00,7,2915.1499999999974,23,3,4,4,Champions
13026,2011-12-08 16:58:00,5,975.3599999999998,1,4,4,3,Champions
12881,2011-03-09 11:44:00,1,298.0,276,1,1,1,Lost
17864,2011-11-27 11:15:00,3,597.5000000000002,13,4,3,2,Loyal Customers
14936,2011-11-06 10:30:00,8,8137.0199999999995,34,3,4,4,Champions
17138,2011-03-09 11:54:00,1,380.5,276,1,1,2,Lost
16572,2011-08-04 16:34:00,3,1009.5999999999999,127,2,3,3,Loyal Customers
14165,2011-03-09 12:39:00,1,122.53999999999999,276,1,1,1,Lost
15367,2011-10-13 14:13:00,4,1877.5899999999992,57,2,3,4,Loyal Customers
14291,2011-12-08 10:26:00,11,3883.249999999998,2,4,4,4,Champions
15632,2011-11-24 09:51:00,8,3285.310000000001,16,4,4,4,Champions
14297,2011-11-22 09:06:00,4,1305.3299999999997,18,4,3,3,Champions
13899,2011-11-23 13:40:00,2,388.52000000000004,16,4,2,2,New / Promising
16471,2011-03-10 09:41:00,1,223.95,275,1,1,1,Lost
18183,2011-04-26 15:26:00,2,632.07,227,1,2,2,Lost
14603,2011-03-10 10:27:00,1,660.0,275,1,1,2,Lost
18173,2011-09-14 11:26:00,4,2106.84,87,2,3,4,Loyal Customers
14854,2011-09-22 17:00:00,7,2759.8300000000004,78,2,4,4,Loyal Customers
16625,2011-03-10 12:50:00,1,333.08000000000004,275,1,1,2,Lost
14064,2011-11-10 13:14:00,5,1353.7400000000002,29,3,4,3,Champions
15308,2011-03-10 13:08:00,1,310.47,274,1,1,2,Lost
18086,2011-03-10 13:34:00,1,101.33999999999999,274,1,1,1,Lost
14350,2011-03-10 14:14:00,1,282.92999999999995,274,1,1,1,Lost
14930,2011-08-23 10:31:00,3,2372.860000000001,109,2,3,4,Loyal Customers
16080,2011-09-19 10:42:00,2,217.16000000000003,82,2,2,1,Needs Attention
14727,2011-03-10 14:45:00,1,268.58,274,1,1,1,Lost
16778,2011-09-26 13:48:00,2,245.94,74,2,2,1,Needs Attention
14077,2011-10-30 12:35:00,5,499.41999999999996,41,3,4,2,Loyal Customers
16808,2011-09-01 19:34:00,2,288.42,99,2,2,1,Needs Attention
16475,2011-09-12 14:37:00,4,544.3,88,2,3,2,Loyal Customers
13265,2011-10-17 15:02:00,5,2107.6600000000008,53,2,4,4,Loyal Customers
12520,2011-09-21 15:23:00,5,2634.26,79,2,4,4,Loyal Customers
15049,2011-03-11 12:13:00,1,121.17000000000002,274,1,1,1,Lost
18149,2011-10-20 12:04:00,3,612.08,51,3,3,2,Loyal Customers
13654,2011-10-27 16:24:00,6,2707.329999999999,43,3,4,4,Champions
16652,2011-10-12 09:38:00,7,6773.970000000001,59,2,4,4,Loyal Customers
16766,2011-03-11 15:22:00,2,1145.6,273,1,2,3,Lost
16801,2011-06-29 15:33:00,4,1619.7300000000002,163,1,3,3,At Risk
17164,2011-11-07 09:14:00,7,2467.350000000001,33,3,4,4,Champions
13226,2011-03-11 14:35:00,1,108.21000000000001,273,1,1,1,Lost
13043,2011-03-11 14:52:00,1,516.4200000000001,273,1,1,2,Lost
14352,2011-07-05 15:41:00,4,1078.96,157,1,3,3,At Risk
17351,2011-11-03 18:45:00,3,587.15,36,3,3,2,Loyal Customers
16768,2011-10-23 10:38:00,3,478.08999999999986,48,3,3,2,Loyal Customers
16693,2011-10-02 11:10:00,2,482.0099999999998,69,2,2,2,Needs Attention
13956,2011-12-04 13:20:00,5,1026.4200000000003,5,4,4,3,Champions
13708,2011-03-13 13:46:00,1,296.87999999999994,271,1,1,1,Lost
15918,2011-06-02 11:42:00,2,334.23,191,1,2,2,Lost
15671,2011-11-21 12:43:00,7,2657.1300000000006,19,3,4,4,Champions
14962,2011-03-14 09:42:00,1,126.70000000000002,271,1,1,1,Lost
16807,2011-07-20 12:00:00,3,1121.59,143,1,3,3,At Risk
15125,2011-11-14 13:57:00,15,11528.480000000001,25,3,4,4,Champions
16871,2011-11-17 19:27:00,6,2812.3399999999997,22,3,4,4,Champions
12901,2011-12-01 10:07:00,28,17654.539999999997,9,4,4,4,Champions
13452,2011-03-25 14:19:00,2,590.0,259,1,2,2,Lost
15493,2011-11-07 12:04:00,5,2001.800000000005,33,3,4,4,Champions
16005,2011-11-27 13:47:00,4,615.389999999999,12,4,3,2,Loyal Customers
15388,2011-03-14 13:53:00,1,140.54,270,1,1,1,Lost
16804,2011-11-16 16:43:00,3,536.99,23,3,3,2,Loyal Customers
13499,2011-11-22 11:21:00,5,1159.11,18,4,4,3,Champions
15047,2011-03-15 10:49:00,1,343.62,270,1,1,2,Lost
14193,2011-10-03 09:34:00,2,853.3900000000001,68,2,2,3,Needs Attention
17542,2011-03-15 11:45:00,1,170.75,270,1,1,1,Lost
15181,2011-10-04 13:58:00,3,689.4799999999999,66,2,3,3,Loyal Customers
17080,2011-11-17 12:59:00,2,287.62,22,3,2,1,New / Promising
16392,2011-03-15 12:11:00,1,221.19000000000005,270,1,1,1,Lost
15106,2011-11-22 09:16:00,5,1422.5200000000002,18,4,4,3,Champions
16214,2011-06-22 11:30:00,3,1062.7499999999998,171,1,3,3,At Risk
13716,2011-03-15 13:49:00,1,138.28,269,1,1,1,Lost
15150,2011-11-22 12:52:00,10,5314.469999999995,17,4,4,4,Champions
14226,2011-11-11 11:34:00,5,2232.19,29,3,4,4,Champions
13121,2011-03-15 16:47:00,1,283.7299999999999,269,1,1,1,Lost
16297,2011-03-16 08:29:00,1,301.90000000000003,269,1,1,1,Lost
12994,2011-12-05 15:43:00,3,974.42,4,4,3,3,Champions
16152,2011-03-16 09:47:00,1,1829.04,269,1,1,4,Lost
14636,2011-11-03 16:12:00,2,609.8500000000001,36,3,2,2,New / Promising
16040,2011-10-05 13:47:00,3,1313.5500000000006,65,2,3,3,Loyal Customers
15793,2011-11-25 09:31:00,3,965.6099999999999,15,4,3,3,Champions
13358,2011-03-16 11:52:00,1,439.03000000000003,269,1,1,2,Lost
12849,2011-11-08 13:41:00,2,1050.8899999999999,31,3,2,3,New / Promising
15182,2011-07-08 13:37:00,2,622.8499999999999,154,1,2,2,Lost
13299,2011-03-16 12:55:00,1,142.5,268,1,1,1,Lost
16383,2011-09-26 12:45:00,2,668.3599999999996,75,2,2,2,Needs Attention
15381,2011-05-10 11:55:00,2,596.85,214,1,2,2,Lost
12597,2011-11-20 13:33:00,4,3811.2200000000016,19,3,3,4,Champions
15030,2011-09-29 10:50:00,2,518.28,72,2,2,2,Needs Attention
12435,2011-09-21 09:06:00,2,7829.889999999998,80,2,2,4,Needs Attention
12955,2011-12-08 16:29:00,11,4757.159999999999,1,4,4,4,Champions
18189,2011-09-23 12:40:00,2,1090.24,78,2,2,3,Needs Attention
13946,2011-09-21 13:33:00,3,561.57,79,2,3,2,Loyal Customers
17716,2011-11-17 12:00:00,11,5655.990000000002,23,3,4,4,Champions
13185,2011-03-17 11:56:00,1,71.4,268,1,1,1,Lost
14840,2011-03-17 12:00:00,1,62.85,268,1,1,1,Lost
13216,2011-03-17 12:18:00,1,333.74,268,1,1,2,Lost
13650,2011-11-23 12:22:00,6,1836.34,17,4,4,4,Champions
13533,2011-06-10 11:54:00,3,270.79000000000013,183,1,3,1,At Risk
13268,2011-11-22 11:51:00,11,3214.6899999999996,18,4,4,4,Champions
15433,2011-05-10 10:45:00,2,533.2999999999998,214,1,2,2,Lost
12937,2011-11-24 15:05:00,4,1504.2700000000004,15,4,3,3,Champions
16216,2011-03-17 15:34:00,1,914.9300000000002,267,1,1,3,Lost
16377,2011-03-17 15:41:00,1,676.2,267,1,1,3,Lost
16976,2011-03-17 16:33:00,1,251.51999999999998,267,1,1,1,Lost
12514,2011-03-17 16:38:00,1,1017.6800000000002,267,1,1,3,Lost
18210,2011-12-08 11:02:00,6,2621.379999999999,2,4,4,4,Champions
13631,2011-09-01 09:57:00,11,3070.42,100,2,4,4,Loyal Customers
14422,2011-12-09 11:26:00,6,4263.64,1,4,4,4,Champions
15648,2011-05-19 15:53:00,2,657.3499999999999,204,1,2,2,Lost
17725,2011-11-23 16:34:00,11,3439.0800000000004,16,4,4,4,Champions
15861,2011-11-27 15:59:00,8,3165.360000000001,12,4,4,4,Champions
13072,2011-03-18 08:12:00,1,177.14999999999998,267,1,1,1,Lost
15695,2011-03-18 08:32:00,2,409.9800000000001,267,1,2,2,Lost
14110,2011-12-06 12:26:00,12,5683.149999999999,4,4,4,4,Champions
14059,2011-03-18 10:06:00,1,183.59999999999997,267,1,1,1,Lost
16672,2011-12-07 16:29:00,20,8134.94,2,4,4,4,Champions
16511,2011-11-18 10:41:00,3,950.2599999999999,22,3,3,3,Champions
16256,2011-03-18 12:18:00,1,752.4300000000002,267,1,1,3,Lost
13591,2011-10-06 12:26:00,3,1117.1300000000003,65,2,3,3,Loyal Customers
14066,2011-03-18 12:21:00,1,152.55,267,1,1,1,Lost
15483,2011-07-01 13:07:00,4,233.81000000000006,161,1,3,1,At Risk
16626,2011-12-09 11:56:00,17,4413.100000000002,1,4,4,4,Champions
15019,2011-03-18 12:35:00,1,265.9999999999999,267,1,1,1,Lost
18270,2011-11-01 13:57:00,2,283.15000000000003,38,3,2,1,New / Promising
14315,2011-10-26 12:06:00,6,2481.129999999999,45,3,4,4,Champions
17921,2011-10-06 18:56:00,4,826.5200000000003,64,2,3,3,Loyal Customers
14041,2011-03-18 13:25:00,1,141.41,266,1,1,1,Lost
17060,2011-03-18 13:27:00,1,234.24,266,1,1,1,Lost
16023,2011-10-24 16:34:00,3,719.81,46,3,3,3,Champions
17133,2011-11-24 12:27:00,7,4892.240000000001,16,4,4,4,Champions
12878,2011-04-17 13:07:00,2,854.9899999999999,236,1,2,3,Lost
14155,2011-03-18 14:13:00,1,118.75,266,1,1,1,Lost
17043,2011-11-07 15:33:00,4,1735.1799999999998,32,3,3,4,Champions
13046,2011-11-09 08:36:00,2,629.31,31,3,2,2,New / Promising
14633,2011-03-18 17:07:00,1,344.9000000000001,266,1,1,2,Lost
12948,2011-11-23 17:10:00,7,2064.95,16,4,4,4,Champions
15703,2011-03-20 10:51:00,1,211.5,265,1,1,1,Lost
14071,2011-12-06 12:27:00,8,1438.820000000003,4,4,4,3,Champions
17134,2011-08-25 09:53:00,2,424.99999999999994,107,2,2,2,Needs Attention
17795,2011-06-13 12:36:00,2,350.3899999999999,180,1,2,2,Lost
12902,2011-03-20 12:06:00,1,138.68,265,1,1,1,Lost
16444,2011-10-24 13:50:00,4,654.6700000000003,46,3,3,2,Loyal Customers
14232,2011-10-28 11:09:00,5,2048.0700000000006,43,3,4,4,Champions
14693,2011-03-20 12:50:00,1,172.9,265,1,1,1,Lost
12407,2011-10-21 10:11:00,5,1708.1199999999997,50,3,4,4,Champions
16728,2011-10-24 14:36:00,4,1054.6699999999996,46,3,3,3,Champions
16096,2011-03-20 13:38:00,1,320.62,264,1,1,2,Lost
13985,2011-12-05 17:06:00,15,7060.130000000006,4,4,4,4,Champions
13592,2011-11-04 09:49:00,4,247.95999999999995,36,3,3,1,Loyal Customers
15140,2011-10-18 14:07:00,7,2354.2500000000005,52,2,4,4,Loyal Customers
12843,2011-10-05 12:09:00,8,1702.26,66,2,4,4,Loyal Customers
14408,2011-11-29 11:41:00,7,2606.53,11,4,4,4,Champions
15408,2011-03-20 15:02:00,1,267.17999999999995,264,1,1,1,Lost
15445,2011-03-20 15:06:00,1,113.5,264,1,1,1,Lost
14205,2011-11-23 10:55:00,2,466.70000000000005,17,4,2,2,New / Promising
15452,2011-11-10 12:13:00,3,538.73,30,3,3,2,Loyal Customers
14223,2011-09-08 13:38:00,3,991.13,92,2,3,3,Loyal Customers
16619,2011-03-21 08:18:00,1,226.21,264,1,1,1,Lost
14762,2011-03-21 08:20:00,1,300.52,264,1,1,1,Lost
13934,2011-03-21 08:39:00,1,922.0999999999997,264,1,1,3,Lost
15669,2011-10-30 16:03:00,4,684.34,40,3,3,3,Champions
16384,2011-09-11 11:19:00,2,584.4999999999999,90,2,2,2,Needs Attention
18224,2011-03-21 10:30:00,1,158.95000000000002,264,1,1,1,Lost
14245,2011-05-04 08:40:00,2,1693.4499999999996,220,1,2,4,Lost
17678,2011-03-21 11:52:00,1,298.10999999999996,264,1,1,1,Lost
15855,2011-07-26 10:20:00,5,712.2399999999997,137,2,4,3,Loyal Customers
17204,2011-06-17 14:46:00,4,1564.5600000000002,175,1,3,3,At Risk
16036,2011-09-13 14:53:00,2,758.9199999999994,87,2,2,3,Needs Attention
17763,2011-03-21 14:25:00,1,15.0,263,1,1,1,Lost
13262,2011-03-21 15:06:00,1,200.29000000000002,263,1,1,1,Lost
17152,2011-05-29 12:19:00,3,1689.5,195,1,3,4,At Risk
14632,2011-03-22 08:49:00,1,114.55999999999999,263,1,1,1,Lost
13900,2011-06-09 19:26:00,3,740.9499999999997,183,1,3,3,At Risk
14875,2011-08-24 12:20:00,2,1465.3200000000002,108,2,2,3,Needs Attention
15132,2011-11-21 17:10:00,5,977.9300000000002,18,4,4,3,Champions
17272,2011-10-28 16:37:00,4,2148.6299999999997,42,3,3,4,Champions
16135,2011-03-22 12:30:00,1,517.5499999999998,263,1,1,2,Lost
12831,2011-03-22 13:02:00,1,215.05,262,1,1,1,Lost
15437,2011-03-22 13:11:00,1,200.16000000000003,262,1,1,1,Lost
14711,2011-11-29 14:58:00,11,2868.7999999999965,10,4,4,4,Champions
14377,2011-06-01 13:32:00,2,617.05,191,1,2,2,Lost
16374,2011-10-04 15:21:00,2,473.0299999999997,66,2,2,2,Needs Attention
13196,2011-11-28 13:54:00,4,1797.78,11,4,3,4,Champions
16809,2011-11-16 15:45:00,5,914.69,23,3,4,3,Champions
15457,2011-03-22 15:31:00,1,237.07000000000002,262,1,1,1,Lost
12613,2011-10-13 14:59:00,5,3344.3799999999983,57,2,4,4,Loyal Customers
16721,2011-03-22 16:08:00,1,292.46999999999997,262,1,1,1,Lost
12399,2011-08-12 13:15:00,4,1108.65,119,2,3,3,Loyal Customers
17733,2011-11-01 08:16:00,2,692.1899999999998,39,3,2,3,New / Promising
17102,2011-03-23 10:08:00,1,25.5,262,1,1,1,Lost
15410,2011-09-16 14:47:00,8,3450.8400000000015,84,2,4,4,Loyal Customers
13239,2011-03-23 10:25:00,1,329.56,262,1,1,2,Lost
15449,2011-11-13 15:02:00,3,974.52,26,3,3,3,Champions
14870,2011-03-23 10:51:00,1,327.24999999999994,262,1,1,2,Lost
13821,2011-07-18 09:49:00,2,385.64,145,1,2,2,Lost
17096,2011-11-24 15:01:00,4,1022.1300000000003,15,4,3,3,Champions
12604,2011-09-21 14:08:00,2,254.17999999999995,79,2,2,1,Needs Attention
12818,2011-03-23 12:06:00,1,1542.08,262,1,1,3,Lost
18191,2011-03-23 12:08:00,1,207.79999999999998,262,1,1,1,Lost
14461,2011-07-14 17:11:00,3,2103.059999999999,148,1,3,4,At Risk
13132,2011-03-23 12:44:00,1,77.3,262,1,1,1,Lost
16859,2011-07-18 12:19:00,2,747.81,145,1,2,3,Lost
15245,2011-07-28 18:56:00,3,2515.8400000000006,134,2,3,4,Loyal Customers
17411,2011-11-27 14:25:00,3,778.9399999999999,12,4,3,3,Champions
17486,2011-03-23 14:00:00,1,396.87000000000006,261,1,1,2,Lost
16308,2011-11-02 11:24:00,4,2560.0,38,3,3,4,Champions
12564,2011-03-23 14:55:00,1,456.9000000000001,261,1,1,2,Lost
14607,2011-11-24 10:35:00,14,16569.5,16,4,4,4,Champions
13249,2011-09-08 13:26:00,3,711.41,92,2,3,3,Loyal Customers
15644,2011-06-26 14:54:00,4,812.9999999999998,166,1,3,3,At Risk
14075,2011-12-05 08:38:00,3,942.2599999999998,5,4,3,3,Champions
17250,2011-12-06 12:15:00,2,384.52,4,4,2,2,New / Promising
17966,2011-11-02 10:26:00,5,1098.43,38,3,4,3,Champions
14129,2011-12-08 11:02:00,5,1123.86,2,4,4,3,Champions
15651,2011-11-03 08:41:00,3,646.3000000000001,37,3,3,2,Loyal Customers
13035,2011-09-27 08:57:00,2,921.8800000000002,74,2,2,3,Needs Attention
17644,2011-12-08 13:43:00,11,2895.6399999999994,1,4,4,4,Champions
13341,2011-03-24 09:50:00,1,775.8499999999999,261,1,1,3,Lost
13512,2011-03-24 10:03:00,1,251.20999999999998,261,1,1,1,Lost
16620,2011-12-06 12:19:00,2,178.96000000000004,4,4,2,1,New / Promising
17698,2011-03-24 11:34:00,1,154.95000000000002,261,1,1,1,Lost
14267,2011-06-30 10:09:00,3,1516.2399999999998,163,1,3,3,At Risk
13736,2011-12-04 15:19:00,2,731.8999999999999,5,4,2,3,New / Promising
12434,2011-09-16 12:38:00,2,806.14,85,2,2,3,Needs Attention
16022,2011-03-24 13:16:00,1,628.2800000000001,260,1,1,2,Lost
14235,2011-09-25 14:37:00,5,3144.8599999999997,75,2,4,4,Loyal Customers
16769,2011-03-24 13:41:00,1,380.3899999999999,260,1,1,2,Lost
17754,2011-12-09 11:20:00,5,1772.259999999999,1,4,4,4,Champions
12408,2011-11-07 12:27:00,5,2888.5500000000006,33,3,4,4,Champions
16063,2011-03-24 14:55:00,1,335.32000000000005,260,1,1,2,Lost
15178,2011-03-24 15:12:00,1,40.5,260,1,1,1,Lost
14348,2011-03-24 16:23:00,1,409.57,260,1,1,2,Lost
15815,2011-10-07 12:42:00,5,2100.6000000000004,64,2,4,4,Loyal Customers
13695,2011-11-08 14:26:00,15,2504.1299999999987,31,3,4,4,Champions
17979,2011-11-04 12:05:00,4,757.71,36,3,3,3,Champions
13139,2011-11-23 13:54:00,7,5064.940000000003,16,4,4,4,Champions
12545,2011-09-25 13:39:00,2,1000.3899999999999,75,2,2,3,Needs Attention
14758,2011-07-18 08:21:00,4,1484.0599999999995,145,1,3,3,At Risk
14536,2011-03-25 12:21:00,1,171.8,260,1,1,1,Lost
13662,2011-09-15 12:04:00,3,897.7600000000001,86,2,3,3,Loyal Customers
17946,2011-04-20 17:00:00,2,149.58,233,1,2,1,Lost
13743,2011-12-07 10:09:00,7,1341.5999999999997,3,4,4,3,Champions
18078,2011-05-06 14:32:00,2,336.13,217,1,2,2,Lost
16780,2011-08-31 16:09:00,2,425.18999999999994,100,2,2,2,Needs Attention
18273,2011-12-07 13:16:00,3,204.0,2,4,3,1,Loyal Customers
15045,2011-07-11 11:33:00,2,735.6600000000001,152,1,2,3,Lost
17625,2011-11-21 13:36:00,4,2047.0000000000011,18,4,3,4,Champions
13357,2011-03-27 13:56:00,1,609.9500000000002,257,1,1,2,Lost
16777,2011-09-20 13:41:00,2,226.35000000000005,80,2,2,1,Needs Attention
14476,2011-03-27 15:39:00,1,215.7,257,1,1,1,Lost
13481,2011-10-25 09:07:00,5,1804.5599999999993,46,3,4,4,Champions
16245,2011-11-16 10:14:00,3,1413.660000000001,24,3,3,3,Champions
13266,2011-11-28 14:39:00,12,3834.26,11,4,4,4,Champions
12669,2011-07-12 09:54:00,3,2744.0300000000007,151,1,3,4,At Risk
12792,2011-03-28 11:36:00,1,400.54,257,1,1,2,Lost
17765,2011-07-04 12:41:00,3,371.87999999999994,159,1,3,2,At Risk
15083,2011-03-28 12:18:00,1,88.19999999999999,257,1,1,1,Lost
18010,2011-03-28 12:27:00,1,174.79999999999998,257,1,1,1,Lost
15249,2011-11-08 11:45:00,13,6688.460000000006,32,3,4,4,Champions
13760,2011-10-16 16:13:00,2,286.78999999999996,54,2,2,1,Needs Attention
15624,2011-08-15 11:38:00,4,588.1300000000001,117,2,3,2,Loyal Customers
17749,2011-06-14 15:45:00,2,674.5199999999999,178,1,2,3,Lost
15068,2011-10-24 14:47:00,2,553.3599999999998,46,3,2,2,New / Promising
14538,2011-10-06 10:31:00,2,388.2499999999999,65,2,2,2,Needs Attention
14851,2011-11-16 14:20:00,2,511.34999999999985,23,3,2,2,New / Promising
14021,2011-07-07 15:46:00,3,631.9000000000001,155,1,3,2,At Risk
13037,2011-07-24 15:46:00,3,881.07,138,2,3,3,Loyal Customers
18177,2011-11-08 14:44:00,6,1341.4199999999994,31,3,4,3,Champions
14128,2011-10-10 12:00:00,2,637.5000000000001,61,2,2,2,Needs Attention
17874,2011-06-07 12:54:00,6,683.4600000000003,185,1,4,3,At Risk
17719,2011-11-02 10:36:00,15,5396.040000000004,38,3,4,4,Champions
14441,2011-12-09 09:07:00,4,1712.8900000000008,1,4,3,4,Champions
17931,2011-07-28 18:33:00,2,408.36,134,2,2,2,Needs Attention
13803,2011-03-29 12:57:00,1,277.07000000000005,255,1,1,1,Lost
17398,2011-08-17 09:48:00,3,653.3799999999999,115,2,3,2,Loyal Customers
15906,2011-11-20 12:24:00,7,1567.6900000000014,20,3,4,3,Champions
16253,2011-10-04 09:09:00,2,3683.8599999999983,67,2,2,4,Needs Attention
13439,2011-03-29 14:20:00,1,283.71,255,1,1,1,Lost
12888,2011-05-09 16:02:00,2,354.12,214,1,2,2,Lost
13588,2011-11-24 10:42:00,9,2478.949999999998,16,4,4,4,Champions
12456,2011-10-26 14:41:00,3,3181.039999999998,44,3,3,4,Champions
15521,2011-10-30 13:42:00,8,3000.2000000000007,40,3,4,4,Champions
13720,2011-08-15 12:46:00,4,799.8999999999999,117,2,3,3,Loyal Customers
15674,2011-09-27 15:17:00,5,2446.6,73,2,4,4,Loyal Customers
17594,2011-09-15 16:34:00,2,993.1799999999995,85,2,2,3,Needs Attention
17775,2011-03-30 10:50:00,1,56.4,255,1,1,1,Lost
13988,2011-11-20 10:15:00,6,4147.960000000001,20,3,4,4,Champions
16657,2011-11-30 11:48:00,4,933.6199999999995,10,4,3,3,Champions
15424,2011-03-30 13:02:00,2,383.34,254,1,2,2,Lost
13316,2011-11-02 13:40:00,4,5977.730000000001,37,3,3,4,Champions
16788,2011-08-08 14:53:00,2,597.4799999999999,123,2,2,2,Needs Attention
16584,2011-09-20 13:45:00,2,936.0799999999999,80,2,2,3,Needs Attention
15364,2011-09-05 09:46:00,2,913.1900000000004,96,2,2,3,Needs Attention
18108,2011-03-30 13:56:00,1,271.0,254,1,1,1,Lost
14272,2011-09-27 10:08:00,2,437.96000000000004,74,2,2,2,Needs Attention
15980,2011-09-12 09:41:00,3,2398.8599999999997,89,2,3,4,Loyal Customers
15832,2011-03-30 15:29:00,1,836.7899999999998,254,1,1,3,Lost
16092,2011-08-17 10:46:00,3,817.86,115,2,3,3,Loyal Customers
15528,2011-03-30 16:14:00,1,229.32999999999993,254,1,1,1,Lost
16398,2011-07-08 15:16:00,2,1705.8000000000004,154,1,2,4,Lost
17088,2011-11-11 14:23:00,4,1991.009999999999,28,3,3,4,Champions
17438,2011-03-31 10:26:00,1,388.45000000000005,254,1,1,2,Lost
13060,2011-03-31 11:37:00,1,307.53000000000003,254,1,1,2,Lost
14790,2011-11-23 09:28:00,4,745.0600000000001,17,4,3,3,Champions
14890,2011-03-31 11:57:00,1,125.65,254,1,1,1,Lost
16386,2011-11-11 12:28:00,2,317.20000000000016,29,3,2,2,New / Promising
14818,2011-09-27 11:01:00,3,657.8,74,2,3,2,Loyal Customers
13571,2011-11-27 10:47:00,12,2092.32,13,4,4,4,Champions
12909,2011-10-31 12:43:00,5,2178.67,40,3,4,4,Champions
12619,2011-11-23 14:52:00,9,3641.2400000000002,16,4,4,4,Champions
16698,2011-04-27 10:52:00,2,1998.0,227,1,2,4,Lost
16681,2011-09-28 11:11:00,6,1770.3400000000004,73,2,4,4,Loyal Customers
13573,2011-10-20 14:33:00,2,294.4,50,3,2,1,New / Promising
13883,2011-11-29 10:45:00,5,2674.479999999998,11,4,4,4,Champions
14957,2011-03-31 17:59:00,1,58.49000000000001,253,1,1,1,Lost
13918,2011-10-21 12:25:00,2,1212.8400000000001,50,3,2,3,New / Promising
17212,2011-03-31 19:42:00,1,226.85,253,1,1,1,Lost
17781,2011-07-03 16:00:00,2,188.01999999999998,159,1,2,1,Lost
14886,2011-04-01 08:56:00,1,364.80000000000007,253,1,1,2,Lost
13626,2011-04-01 10:05:00,1,257.22999999999996,253,1,1,1,Lost
16609,2011-11-24 13:32:00,7,5493.460000000006,15,4,4,4,Champions
16180,2011-08-31 16:28:00,8,10254.180000000002,100,2,4,4,Loyal Customers
13462,2011-04-01 11:20:00,1,151.5,253,1,1,1,Lost
18263,2011-11-14 09:00:00,3,1213.16,26,3,3,3,Champions
16960,2011-11-01 11:35:00,3,507.04999999999995,39,3,3,2,Loyal Customers
13841,2011-04-01 12:10:00,1,85.0,253,1,1,1,Lost
17701,2011-04-01 12:25:00,1,417.95000000000005,253,1,1,2,Lost
12949,2011-11-09 11:25:00,8,4167.220000000001,31,3,4,4,Champions
14852,2011-10-12 13:20:00,6,2836.6899999999982,58,2,4,4,Loyal Customers
12569,2011-12-07 16:24:00,32,4124.69,2,4,4,4,Champions
13169,2011-10-07 12:11:00,2,712.88,64,2,2,3,Needs Attention
16162,2011-04-01 15:03:00,1,37.4,252,1,1,1,Lost
15691,2011-04-01 15:13:00,1,136.8,252,1,1,1,Lost
14195,2011-05-22 10:29:00,2,1011.9999999999998,202,1,2,3,Lost
13781,2011-04-03 12:08:00,1,127.84000000000002,251,1,1,1,Lost
17758,2011-11-20 14:45:00,8,3456.7000000000025,19,3,4,4,Champions
14023,2011-12-02 13:58:00,2,584.0699999999998,7,4,2,2,New / Promising
17669,2011-10-28 08:53:00,7,3406.7200000000003,43,3,4,4,Champions
16142,2011-04-04 10:16:00,1,535.3400000000001,250,1,1,2,Lost
17648,2011-10-10 09:41:00,4,1797.5,61,2,3,4,Loyal Customers
13059,2011-04-04 10:40:00,1,183.4,250,1,1,1,Lost
16224,2011-10-13 17:51:00,4,1295.3000000000004,57,2,3,3,Loyal Customers
15223,2011-04-28 11:31:00,2,755.7500000000001,226,1,2,3,Lost
17886,2011-11-08 10:09:00,3,899.6099999999999,32,3,3,3,Champions
13294,2011-06-03 08:54:00,2,873.7399999999998,190,1,2,3,Lost
15289,2011-11-10 13:49:00,3,939.7800000000003,29,3,3,3,Champions
18185,2011-04-04 13:42:00,1,304.25,249,1,1,1,Lost
17956,2011-04-04 13:47:00,1,12.75,249,1,1,1,Lost
15756,2011-10-09 13:30:00,4,532.9599999999995,61,2,3,2,Loyal Customers
14747,2011-04-04 14:09:00,1,328.2,249,1,1,2,Lost
14719,2011-12-08 12:43:00,5,1602.1300000000008,2,4,4,3,Champions
13015,2011-10-17 13:19:00,5,3346.2800000000016,53,2,4,4,Loyal Customers
16586,2011-04-05 09:32:00,1,463.95,249,1,1,2,Lost
16105,2011-04-05 10:13:00,1,336.96,249,1,1,2,Lost
15442,2011-04-05 12:24:00,1,594.0,249,1,1,2,Lost
16906,2011-09-19 11:49:00,4,579.7700000000002,82,2,3,2,Loyal Customers
14546,2011-12-04 13:00:00,5,2578.0900000000024,5,4,4,4,Champions
14535,2011-10-10 15:39:00,3,2864.190000000005,60,2,3,4,Loyal Customers
16170,2011-10-20 08:21:00,6,1885.0499999999995,51,3,4,4,Champions
15244,2011-10-05 13:19:00,2,631.57,65,2,2,2,Needs Attention
16696,2011-07-27 14:23:00,4,657.9,135,2,3,2,Loyal Customers
15145,2011-12-05 17:21:00,4,1194.7300000000005,4,4,3,3,Champions
17492,2011-04-05 15:21:00,1,374.57,248,1,1,2,Lost
13525,2011-11-25 12:01:00,2,628.78,15,4,2,2,New / Promising
17409,2011-06-08 10:36:00,2,771.8499999999999,185,1,2,3,Lost
17783,2011-09-28 16:07:00,2,283.4699999999997,72,2,2,1,Needs Attention
13863,2011-04-06 10:20:00,1,305.78000000000003,248,1,1,1,Lost
13515,2011-09-28 11:26:00,4,891.1200000000002,73,2,3,3,Loyal Customers
15917,2011-04-06 10:40:00,1,123.10000000000001,248,1,1,1,Lost
17440,2011-07-06 11:54:00,3,186.42,157,1,3,1,At Risk
17045,2011-08-18 17:09:00,3,339.44,113,2,3,2,Loyal Customers
17140,2011-04-06 13:33:00,1,465.32,247,1,1,2,Lost
15201,2011-09-13 14:53:00,5,1236.5400000000002,87,2,4,3,Loyal Customers
14964,2011-04-06 14:13:00,1,206.21,247,1,1,1,Lost
16031,2011-09-08 13:07:00,2,548.9399999999999,92,2,2,2,Needs Attention
14403,2011-08-01 12:57:00,4,1475.8100000000002,130,2,3,3,Loyal Customers
17042,2011-12-07 12:26:00,5,1044.3800000000003,3,4,4,3,Champions
13771,2011-10-06 14:18:00,4,2634.450000000001,64,2,3,4,Loyal Customers
17906,2011-04-06 17:25:00,1,72.9,247,1,1,1,Lost
18272,2011-12-07 12:43:00,6,3078.5800000000004,3,4,4,4,Champions
16144,2011-04-07 10:09:00,1,175.2,247,1,1,1,Lost
13731,2011-05-04 14:33:00,2,610.5899999999999,219,1,2,2,Lost
12580,2011-04-07 10:24:00,1,415.7,247,1,1,2,Lost
14912,2011-11-23 09:20:00,2,867.8499999999998,17,4,2,3,New / Promising
15530,2011-11-18 12:25:00,4,1502.3500000000001,22,3,3,3,Champions
13950,2011-11-28 14:44:00,4,745.0600000000001,11,4,3,3,Champions
13752,2011-08-07 14:16:00,6,1186.2800000000002,124,2,4,3,Loyal Customers
13892,2011-11-13 11:50:00,4,632.97,27,3,3,2,Loyal Customers
14446,2011-12-09 11:34:00,4,1039.5800000000008,1,4,3,3,Champions
16209,2011-09-12 11:58:00,5,2262.62,89,2,4,4,Loyal Customers
15754,2011-10-19 14:40:00,3,458.57,51,3,3,2,Loyal Customers
13712,2011-04-07 12:33:00,1,228.83999999999997,247,1,1,1,Lost
15800,2011-08-24 14:23:00,2,699.0800000000002,107,2,2,3,Needs Attention
16469,2011-11-16 12:25:00,4,650.4300000000004,24,3,3,2,Loyal Customers
13005,2011-06-19 10:53:00,2,513.7,174,1,2,2,Lost
14981,2011-04-07 13:45:00,1,102.11999999999998,246,1,1,1,Lost
17928,2011-10-25 13:52:00,2,212.54000000000005,45,3,2,1,New / Promising
16261,2011-11-22 17:23:00,4,746.8299999999999,17,4,3,3,Champions
17883,2011-12-06 17:49:00,4,671.7699999999994,3,4,3,2,Loyal Customers
14619,2011-04-08 07:37:00,1,394.43999999999994,246,1,1,2,Lost
13995,2011-11-24 14:22:00,5,1393.6899999999996,15,4,4,3,Champions
16643,2011-04-08 08:24:00,1,487.51,246,1,1,2,Lost
14246,2011-08-21 11:50:00,3,1474.0600000000006,111,2,3,3,Loyal Customers
18040,2011-11-20 14:20:00,2,357.20000000000005,19,3,2,2,New / Promising
16837,2011-11-08 14:27:00,11,3170.9800000000014,31,3,4,4,Champions
15119,2011-04-08 09:08:00,1,266.4,246,1,1,1,Lost
16325,2011-10-24 08:48:00,3,594.24,47,3,3,2,Loyal Customers
14924,2011-04-08 09:25:00,1,310.05,246,1,1,2,Lost
15109,2011-04-08 09:58:00,1,484.95,246,1,1,2,Lost
16623,2011-04-08 10:09:00,1,129.45,246,1,1,1,Lost
12999,2011-05-27 13:24:00,3,455.8799999999999,196,1,3,2,At Risk
12717,2011-07-11 14:47:00,2,1030.98,151,1,2,3,Lost
13962,2011-11-18 08:47:00,2,169.55,22,3,2,1,New / Promising
18036,2011-11-07 14:40:00,3,405.6199999999999,32,3,3,2,Loyal Customers
14958,2011-07-15 14:20:00,3,499.6799999999999,147,1,3,2,At Risk
14264,2011-07-08 10:20:00,2,333.97,155,1,2,2,Lost
13562,2011-09-19 10:51:00,3,1799.3299999999988,82,2,3,4,Loyal Customers
15775,2011-04-08 12:56:00,1,104.9,245,1,1,1,Lost
17054,2011-11-11 12:56:00,5,1356.3300000000004,28,3,4,3,Champions
17268,2011-08-24 10:06:00,4,763.64,108,2,3,3,Loyal Customers
13548,2011-09-04 14:50:00,2,682.41,96,2,2,3,Needs Attention
13508,2011-04-10 11:58:00,1,110.97,244,1,1,1,Lost
12447,2011-04-10 13:25:00,1,476.49,243,1,1,2,Lost
13570,2011-04-10 13:36:00,1,239.49000000000004,243,1,1,1,Lost
13232,2011-11-27 10:39:00,7,1357.6000000000015,13,4,4,3,Champions
18129,2011-04-10 14:16:00,1,112.55,243,1,1,1,Lost
13632,2011-11-15 10:51:00,5,2121.27,25,3,4,4,Champions
15665,2011-06-24 14:57:00,2,2242.0100000000007,168,1,2,4,Lost
17550,2011-05-26 14:09:00,3,267.16000000000014,197,1,3,1,At Risk
15655,2011-04-10 15:25:00,1,560.67,243,1,1,2,Lost
14286,2011-11-16 10:34:00,3,4628.749999999998,24,3,3,4,Champions
16188,2011-10-26 12:19:00,4,981.8600000000001,45,3,3,3,Champions
15214,2011-12-08 12:07:00,8,1661.44,2,4,4,3,Champions
17574,2011-04-11 09:47:00,1,185.64999999999998,243,1,1,1,Lost
15737,2011-11-25 11:21:00,8,1205.12,15,4,4,3,Champions
18080,2011-11-21 08:02:00,2,1231.5,19,3,2,3,New / Promising
14311,2011-04-11 10:14:00,1,310.26,243,1,1,2,Lost
14339,2011-04-11 11:06:00,1,309.52,243,1,1,2,Lost
12982,2011-04-11 11:51:00,1,390.53999999999996,243,1,1,2,Lost
12701,2011-09-21 10:47:00,2,797.7099999999999,80,2,2,3,Needs Attention
12596,2011-10-19 13:02:00,2,618.27,51,3,2,2,New / Promising
14273,2011-10-19 13:20:00,4,559.9700000000001,51,3,3,2,Loyal Customers
12363,2011-08-22 10:18:00,2,552.0,110,2,2,2,Needs Attention
13549,2011-11-14 09:20:00,7,918.1999999999998,26,3,4,3,Champions
15414,2011-11-30 09:50:00,3,774.8999999999999,10,4,3,3,Champions
13203,2011-11-30 10:45:00,4,869.4599999999999,10,4,3,3,Champions
14628,2011-09-09 14:58:00,2,671.96,91,2,2,2,Needs Attention
14326,2011-04-11 15:04:00,1,183.85,242,1,1,1,Lost
15935,2011-04-14 13:27:00,2,416.8600000000001,239,1,2,2,Lost
13655,2011-08-17 14:25:00,2,932.9700000000004,114,2,2,3,Needs Attention
12910,2011-11-16 14:28:00,8,3075.0400000000013,23,3,4,4,Champions
13577,2011-11-14 15:19:00,4,1687.5999999999988,25,3,3,4,Champions
15251,2011-11-30 15:02:00,11,10484.989999999996,9,4,4,4,Champions
14111,2011-11-25 13:44:00,4,692.85,14,4,3,3,Champions
17160,2011-11-08 14:05:00,6,3518.0299999999993,31,3,4,4,Champions
16172,2011-09-05 13:22:00,5,1140.21,95,2,4,3,Loyal Customers
17972,2011-04-12 12:16:00,1,136.04,242,1,1,1,Lost
12463,2011-10-17 13:44:00,4,1344.7799999999997,53,2,3,3,Loyal Customers
14844,2011-10-07 10:41:00,4,3189.8099999999995,64,2,3,4,Loyal Customers
17278,2011-04-12 13:10:00,1,246.04000000000008,241,1,1,1,Lost
15212,2011-04-12 13:45:00,1,101.79999999999998,241,1,1,1,Lost
16729,2011-11-01 14:29:00,21,7239.919999999984,38,3,4,4,Champions
14998,2011-06-22 17:30:00,2,429.8699999999999,170,1,2,2,Lost
13484,2011-04-12 16:30:00,1,313.79999999999995,241,1,1,2,Lost
16697,2011-04-12 17:12:00,1,112.75000000000001,241,1,1,1,Lost
14931,2011-12-05 10:19:00,5,1257.68,5,4,4,3,Champions
18236,2011-11-10 08:06:00,6,882.24,30,3,4,3,Champions
13740,2011-04-13 10:32:00,1,350.75,241,1,1,2,Lost
15230,2011-04-14 14:39:00,2,429.6,239,1,2,2,Lost
15134,2011-11-25 08:55:00,8,1387.99,15,4,4,3,Champions
16309,2011-08-25 15:35:00,2,706.5700000000002,106,2,2,3,Needs Attention
13544,2011-10-31 11:57:00,2,291.4099999999999,40,3,2,1,New / Promising
14262,2011-12-01 14:17:00,8,2618.230000000001,8,4,4,4,Champions
13134,2011-09-15 10:35:00,4,1793.58,86,2,3,4,Loyal Customers
17589,2011-10-10 16:58:00,4,2404.170000000001,60,2,3,4,Loyal Customers
16097,2011-04-13 13:47:00,1,185.05,240,1,1,1,Lost
13122,2011-09-06 15:53:00,2,922.3900000000002,94,2,2,3,Needs Attention
16966,2011-12-01 13:40:00,7,2154.9700000000003,8,4,4,4,Champions
17746,2011-04-13 14:31:00,1,110.25000000000001,240,1,1,1,Lost
16175,2011-09-06 14:32:00,4,1037.5899999999997,94,2,3,3,Loyal Customers
14834,2011-11-22 10:30:00,6,1720.3000000000004,18,4,4,4,Champions
16348,2011-11-07 15:44:00,7,1469.4500000000005,32,3,4,3,Champions
15147,2011-04-13 15:57:00,1,623.5,240,1,1,2,Lost
16131,2011-10-19 11:53:00,6,3506.5400000000013,52,2,4,4,Loyal Customers
15813,2011-05-16 08:13:00,2,1303.9099999999999,208,1,2,3,Lost
17058,2011-09-19 10:13:00,3,1179.8899999999999,82,2,3,3,Loyal Customers
17704,2011-06-24 09:40:00,2,885.1899999999998,169,1,2,3,Lost
13772,2011-11-06 11:43:00,3,1132.13,34,3,3,3,Champions
16933,2011-12-08 12:54:00,2,563.2299999999998,1,4,2,2,New / Promising
16249,2011-10-18 10:07:00,5,1800.0700000000006,53,2,4,4,Loyal Customers
14198,2011-11-21 16:35:00,4,701.3999999999999,18,4,3,3,Champions
13989,2011-10-05 09:47:00,2,1266.0799999999997,66,2,2,3,Needs Attention
17930,2011-11-04 10:23:00,5,1740.4799999999998,36,3,4,4,Champions
14154,2011-04-14 16:26:00,2,1345.6200000000003,239,1,2,3,Lost
14206,2011-04-14 16:38:00,1,328.1599999999999,239,1,1,2,Lost
14482,2011-11-21 13:14:00,6,2068.150000000001,18,4,4,4,Champions
14163,2011-09-13 15:18:00,4,2445.9100000000008,87,2,3,4,Loyal Customers
14105,2011-04-14 17:58:00,1,1266.2300000000002,239,1,1,3,Lost
17601,2011-04-14 18:02:00,1,116.01,239,1,1,1,Lost
17142,2011-04-14 18:22:00,1,579.0,239,1,1,2,Lost
13811,2011-06-09 09:54:00,3,814.5,184,1,3,3,At Risk
12457,2011-10-04 13:13:00,7,2363.2299999999996,66,2,4,4,Loyal Customers
15135,2011-04-14 19:16:00,1,139.04999999999998,239,1,1,1,Lost
16806,2011-08-28 15:27:00,4,801.4899999999996,103,2,3,3,Loyal Customers
13952,2011-05-06 09:00:00,2,3251.071,218,1,2,4,Lost
13120,2011-04-15 10:19:00,1,30.599999999999998,239,1,1,1,Lost
12769,2011-04-15 10:25:00,1,1143.6000000000001,239,1,1,3,Lost
13516,2011-11-18 13:15:00,3,1389.4100000000003,21,3,3,3,Champions
14323,2011-08-17 11:37:00,2,605.0600000000002,115,2,2,2,Needs Attention
18079,2011-10-25 15:27:00,4,3651.969999999997,45,3,3,4,Champions
12639,2011-04-15 12:48:00,1,486.1,239,1,1,2,Lost
14700,2011-11-07 14:40:00,3,2235.2999999999997,32,3,3,4,Champions
15027,2011-11-09 10:16:00,4,1066.1499999999996,31,3,3,3,Champions
17367,2011-04-15 14:21:00,1,168.4,238,1,1,1,Lost
18213,2011-04-17 10:21:00,1,232.48000000000002,237,1,1,1,Lost
17029,2011-08-21 11:06:00,2,716.0,111,2,2,3,Needs Attention
13220,2011-09-22 13:38:00,4,819.29,78,2,3,3,Loyal Customers
15985,2011-08-08 16:31:00,2,1142.42,123,2,2,3,Needs Attention
16193,2011-04-17 11:45:00,1,314.45,237,1,1,2,Lost
15172,2011-12-01 11:51:00,5,1624.0499999999997,9,4,4,3,Champions
13692,2011-11-15 11:17:00,3,1488.3200000000004,25,3,3,3,Champions
15745,2011-11-20 13:45:00,4,1094.59,19,3,3,3,Champions
17582,2011-04-17 13:18:00,1,175.27,236,1,1,1,Lost
13474,2011-04-17 13:53:00,1,229.58999999999997,236,1,1,1,Lost
17697,2011-04-17 15:40:00,1,338.95000000000005,236,1,1,2,Lost
16639,2011-11-08 13:20:00,3,1257.5099999999998,31,3,3,3,Champions
16947,2011-04-18 09:38:00,1,406.48000000000013,236,1,1,2,Lost
15491,2011-09-05 15:56:00,6,3100.0900000000015,95,2,4,4,Loyal Customers
16617,2011-04-18 10:35:00,1,151.85000000000002,236,1,1,1,Lost
15265,2011-07-11 14:46:00,2,1506.1200000000001,151,1,2,3,Lost
16226,2011-05-20 14:41:00,3,255.11999999999998,203,1,3,1,At Risk
18009,2011-04-18 13:36:00,1,257.34000000000003,235,1,1,1,Lost
16399,2011-11-20 16:12:00,2,408.57,19,3,2,2,New / Promising
14623,2011-11-07 13:56:00,5,889.2499999999999,32,3,4,3,Champions
15625,2011-08-28 10:21:00,4,1534.26,104,2,3,3,Loyal Customers
18064,2011-07-29 16:39:00,2,814.0,133,2,2,3,Needs Attention
15508,2011-06-03 15:43:00,6,1000.2700000000002,189,1,4,3,At Risk
16628,2011-11-10 12:45:00,5,2188.0499999999997,30,3,4,4,Champions
13647,2011-11-30 12:00:00,4,1678.1200000000001,10,4,3,4,Champions
15594,2011-11-24 08:53:00,5,1771.78,16,4,4,4,Champions
13479,2011-05-23 10:45:00,2,300.95,201,1,2,1,Lost
13376,2011-09-01 16:16:00,3,1019.7600000000003,99,2,3,3,Loyal Customers
15717,2011-04-19 13:21:00,1,150.3,234,1,1,1,Lost
13735,2011-11-15 11:14:00,4,2885.2399999999975,25,3,3,4,Champions
13719,2011-11-24 15:26:00,5,1041.68,15,4,4,3,Champions
16633,2011-11-22 13:41:00,6,2883.1000000000004,17,4,4,4,Champions
13101,2011-04-19 14:37:00,1,101.18999999999998,234,1,1,1,Lost
15225,2011-04-19 14:51:00,1,409.4000000000001,234,1,1,2,Lost
14152,2011-09-25 12:54:00,2,621.2900000000002,75,2,2,2,Needs Attention
12733,2011-04-19 16:19:00,1,383.95,234,1,1,2,Lost
15436,2011-11-27 16:05:00,3,1122.5300000000007,12,4,3,3,Champions
17217,2011-04-19 17:19:00,1,113.5,234,1,1,1,Lost
12656,2011-11-22 13:42:00,5,4051.170000000002,17,4,4,4,Champions
17734,2011-10-17 12:33:00,3,700.63,54,2,3,3,Loyal Customers
14905,2011-07-05 12:41:00,2,616.1500000000001,158,1,2,2,Lost
17548,2011-04-20 12:01:00,1,103.3,234,1,1,1,Lost
14148,2011-04-20 12:02:00,1,157.2,234,1,1,1,Lost
16103,2011-12-02 14:16:00,6,1429.6399999999999,7,4,4,3,Champions
14626,2011-11-16 10:37:00,4,2791.2699999999995,24,3,3,4,Champions
14868,2011-12-06 14:49:00,8,2953.590000000002,3,4,4,4,Champions
18246,2011-11-16 11:49:00,2,596.0999999999999,24,3,2,2,New / Promising
13485,2011-04-20 13:58:00,1,454.24,233,1,1,2,Lost
15517,2011-04-20 14:02:00,1,267.03000000000003,233,1,1,1,Lost
17115,2011-12-01 14:30:00,3,837.4999999999999,8,4,3,3,Champions
17120,2011-04-20 15:21:00,1,307.46,233,1,1,2,Lost
15912,2011-06-14 14:29:00,2,264.62,178,1,2,1,Lost
12506,2011-04-21 08:54:00,1,73.50000000000003,233,1,1,1,Lost
12670,2011-11-29 15:23:00,5,2996.0500000000006,10,4,4,4,Champions
17588,2011-08-31 13:37:00,3,1240.2000000000003,100,2,3,3,Loyal Customers
14759,2011-12-05 12:03:00,3,1625.9699999999993,5,4,3,3,Champions
16185,2011-11-23 09:41:00,2,529.41,17,4,2,2,New / Promising
13505,2011-09-28 11:56:00,4,4393.629999999999,73,2,3,4,Loyal Customers
13389,2011-11-28 14:01:00,3,797.96,11,4,3,3,Champions
12354,2011-04-21 13:11:00,1,1079.4,232,1,1,3,Lost
17631,2011-12-08 09:47:00,3,528.33,2,4,3,2,Loyal Customers
17061,2011-09-27 11:24:00,11,5232.23,74,2,4,4,Loyal Customers
17718,2011-04-21 13:39:00,1,139.35,232,1,1,1,Lost
17630,2011-06-23 11:58:00,2,503.59999999999985,170,1,2,2,Lost
13223,2011-05-23 13:03:00,2,163.20000000000002,200,1,2,1,Lost
16146,2011-07-05 14:20:00,3,734.1299999999999,157,1,3,3,At Risk
17109,2011-11-10 16:59:00,6,885.04,29,3,4,3,Champions
16587,2011-04-21 15:51:00,1,225.14999999999995,232,1,1,1,Lost
12622,2011-04-21 16:39:00,1,180.09999999999997,232,1,1,1,Lost
16750,2011-10-26 12:48:00,5,623.93,45,3,4,2,Loyal Customers
13482,2011-04-21 17:03:00,1,184.64,232,1,1,1,Lost
14512,2011-06-05 12:39:00,2,275.28,188,1,2,1,Lost
17670,2011-04-26 09:12:00,1,205.7,228,1,1,1,Lost
16834,2011-04-26 09:37:00,1,413.46000000000004,228,1,1,2,Lost
15108,2011-07-21 10:24:00,4,1300.2500000000002,142,2,3,3,Loyal Customers
16942,2011-11-27 12:40:00,9,1920.5900000000017,13,4,4,4,Champions
14640,2011-11-15 13:07:00,6,2125.079999999999,24,3,4,4,Champions
16823,2011-04-26 15:00:00,1,358.37999999999994,227,1,1,2,Lost
15237,2011-12-08 09:46:00,4,1412.320000000001,2,4,3,3,Champions
12573,2011-04-26 15:52:00,1,160.54,227,1,1,1,Lost
17854,2011-06-07 16:21:00,2,311.26,185,1,2,2,Lost
18220,2011-04-27 09:03:00,1,305.28000000000003,227,1,1,1,Lost
17436,2011-12-08 12:30:00,2,216.3,2,4,2,1,New / Promising
16965,2011-04-27 12:08:00,1,201.19,227,1,1,1,Lost
12840,2011-07-19 09:29:00,4,2726.769999999999,144,1,3,4,At Risk
15891,2011-04-27 12:35:00,1,524.52,227,1,1,2,Lost
17187,2011-04-27 12:39:00,1,203.95,227,1,1,1,Lost
13637,2011-10-18 13:32:00,3,810.4999999999998,52,2,3,3,Loyal Customers
17991,2011-04-28 15:58:00,2,93.35,225,1,2,1,Lost
16418,2011-10-26 12:39:00,3,675.2700000000002,45,3,3,3,Champions
16099,2011-10-20 13:13:00,3,731.8999999999999,50,3,3,3,Champions
15768,2011-08-16 10:48:00,3,621.83,116,2,3,2,Loyal Customers
16637,2011-11-07 13:17:00,4,1154.4700000000003,32,3,3,3,Champions
14240,2011-11-09 13:45:00,2,890.3400000000005,30,3,2,3,New / Promising
15143,2011-04-28 12:03:00,1,259.45,226,1,1,1,Lost
13229,2011-04-28 12:07:00,1,160.95,226,1,1,1,Lost
14973,2011-08-24 15:51:00,3,1314.45,107,2,3,3,Loyal Customers
14271,2011-04-28 12:47:00,1,112.32000000000002,226,1,1,1,Lost
15952,2011-11-06 11:18:00,4,806.5699999999998,34,3,3,3,Champions
16227,2011-04-28 13:33:00,1,314.22,225,1,1,2,Lost
17893,2011-04-28 13:50:00,1,112.25000000000004,225,1,1,1,Lost
14022,2011-04-28 14:39:00,1,440.0,225,1,1,2,Lost
15210,2011-04-28 16:11:00,1,331.18,225,1,1,2,Lost
16370,2011-09-18 15:55:00,4,1320.5600000000004,82,2,3,3,Loyal Customers
14304,2011-05-01 11:50:00,1,383.45000000000005,223,1,1,2,Lost
15376,2011-10-30 15:04:00,3,1233.3599999999997,40,3,3,3,Champions
14655,2011-12-01 16:28:00,4,1932.23,8,4,3,4,Champions
17615,2011-08-01 14:06:00,3,329.6,130,2,3,2,Loyal Customers
16055,2011-05-03 09:26:00,1,134.8,221,1,1,1,Lost
14149,2011-05-03 09:44:00,1,446.62000000000006,221,1,1,2,Lost
17501,2011-05-03 09:47:00,2,288.59999999999997,221,1,2,1,Lost
14191,2011-12-08 09:23:00,13,4684.760000000001,2,4,4,4,Champions
13282,2011-11-21 15:33:00,3,1132.1399999999999,18,4,3,3,Champions
15582,2011-11-15 09:55:00,3,682.9100000000001,25,3,3,3,Champions
16230,2011-06-03 10:06:00,2,542.03,190,1,2,2,Lost
18146,2011-07-22 12:08:00,2,160.35,141,2,2,1,Needs Attention
15976,2011-06-27 13:00:00,2,430.93999999999977,165,1,2,2,Lost
17443,2011-05-04 10:47:00,1,534.24,220,1,1,2,Lost
12886,2011-10-03 10:09:00,2,1378.4,68,2,2,3,Needs Attention
17974,2011-11-15 11:37:00,3,740.7899999999995,25,3,3,3,Champions
13524,2011-10-30 12:34:00,5,680.1800000000001,41,3,4,3,Champions
17955,2011-05-25 12:00:00,4,557.3,199,1,3,2,At Risk
15128,2011-10-10 13:54:00,4,1471.0000000000007,60,2,3,3,Loyal Customers
16610,2011-05-04 13:13:00,1,75.66,219,1,1,1,Lost
17394,2011-05-04 13:22:00,1,203.86999999999995,219,1,1,1,Lost
16094,2011-11-28 12:45:00,4,1078.2299999999998,12,4,3,3,Champions
14173,2011-11-29 11:54:00,4,450.84000000000003,11,4,3,2,Loyal Customers
16258,2011-10-25 13:30:00,5,5203.51,45,3,4,4,Champions
14948,2011-11-16 17:16:00,6,1101.9699999999996,23,3,4,3,Champions
17384,2011-11-20 15:48:00,2,336.40000000000003,19,3,2,2,New / Promising
16990,2011-05-05 08:30:00,1,179.0,219,1,1,1,Lost
13762,2011-05-05 09:15:00,1,306.72,219,1,1,1,Lost
12593,2011-08-23 12:43:00,3,418.09999999999997,109,2,3,2,Loyal Customers
14340,2011-05-05 09:44:00,1,134.7,219,1,1,1,Lost
17429,2011-08-03 13:22:00,3,524.9200000000002,128,2,3,2,Loyal Customers
13711,2011-05-05 10:31:00,2,252.06000000000003,219,1,2,1,Lost
14515,2011-11-22 11:37:00,6,2102.0899999999997,18,4,4,4,Champions
16457,2011-05-05 13:19:00,1,208.36,218,1,1,1,Lost
17527,2011-10-17 12:32:00,4,939.37,54,2,3,3,Loyal Customers
14199,2011-05-05 13:44:00,1,185.39999999999998,218,1,1,1,Lost
13888,2011-08-12 10:13:00,2,605.63,120,2,2,2,Needs Attention
14423,2011-05-05 15:12:00,1,265.2,218,1,1,1,Lost
14697,2011-05-05 15:39:00,2,188.60999999999996,218,1,2,1,Lost
17522,2011-12-08 12:31:00,5,1070.71,2,4,4,3,Champions
13867,2011-11-08 15:48:00,3,1015.2900000000002,31,3,3,3,Champions
17624,2011-11-25 10:52:00,2,843.4799999999997,15,4,2,3,New / Promising
14393,2011-05-05 18:16:00,1,67.94999999999999,218,1,1,1,Lost
17578,2011-05-05 18:38:00,1,143.45999999999998,218,1,1,1,Lost
13450,2011-11-13 11:54:00,6,2043.7200000000003,27,3,4,4,Champions
17423,2011-10-24 13:36:00,2,698.4100000000003,46,3,2,3,New / Promising
18241,2011-11-30 12:10:00,17,2073.090000000001,10,4,4,4,Champions
15668,2011-05-06 10:39:00,1,76.32000000000001,218,1,1,1,Lost
16319,2011-05-06 11:27:00,1,404.40000000000003,218,1,1,2,Lost
15757,2011-10-05 12:14:00,2,714.4200000000001,66,2,2,3,Needs Attention
17174,2011-05-06 11:47:00,1,59.9,218,1,1,1,Lost
13365,2011-11-06 12:36:00,2,2225.3700000000013,34,3,2,4,New / Promising
18227,2011-05-06 12:23:00,1,93.75,218,1,1,1,Lost
14145,2011-10-24 12:10:00,4,3742.2,47,3,3,4,Champions
18235,2011-09-29 08:27:00,3,1796.48,72,2,3,4,Loyal Customers
13741,2011-09-29 09:19:00,3,668.43,72,2,3,2,Loyal Customers
12394,2011-10-07 08:08:00,2,1272.48,64,2,2,3,Needs Attention
16832,2011-06-08 15:36:00,3,199.15000000000003,184,1,3,1,At Risk
15258,2011-06-24 12:30:00,2,623.1600000000001,169,1,2,2,Lost
15552,2011-05-06 14:47:00,1,90.12,217,1,1,1,Lost
18170,2011-11-06 14:35:00,3,980.3100000000002,33,3,3,3,Champions
13723,2011-05-06 17:04:00,1,199.85000000000002,217,1,1,1,Lost
14005,2011-11-30 12:41:00,5,2874.7200000000007,10,4,4,4,Champions
15561,2011-11-28 11:07:00,4,800.5900000000001,12,4,3,3,Champions
16121,2011-10-13 12:59:00,2,867.1099999999998,57,2,2,3,Needs Attention
18142,2011-07-05 13:19:00,2,1019.52,157,1,2,3,Lost
13642,2011-05-08 12:34:00,1,354.7999999999999,216,1,1,2,Lost
15117,2011-11-25 08:12:00,5,1551.7800000000002,15,4,4,3,Champions
13561,2011-05-08 12:39:00,1,141.86,216,1,1,1,Lost
15704,2011-07-22 13:35:00,4,2293.6199999999994,140,2,3,4,Loyal Customers
16007,2011-10-23 11:05:00,4,1701.939999999998,48,3,3,4,Champions
16232,2011-10-27 12:16:00,4,990.8799999999998,44,3,3,3,Champions
17410,2011-11-23 15:46:00,5,1214.7199999999996,16,4,4,3,Champions
13835,2011-11-14 15:37:00,4,834.57,25,3,3,3,Champions
13427,2011-11-20 13:02:00,3,582.6,19,3,3,2,Loyal Customers
14353,2011-05-08 16:06:00,1,90.6,215,1,1,1,Lost
12700,2011-12-02 10:47:00,4,4939.990000000006,8,4,3,4,Champions
13003,2011-08-26 10:50:00,3,149.05,106,2,3,1,Loyal Customers
16756,2011-05-09 09:33:00,1,239.4,215,1,1,1,Lost
13492,2011-07-26 14:25:00,3,1269.8400000000006,136,2,3,3,Loyal Customers
16440,2011-12-02 12:02:00,5,3640.669999999999,8,4,4,4,Champions
18120,2011-05-09 13:45:00,1,111.14999999999999,214,1,1,1,Lost
12355,2011-05-09 13:49:00,1,459.4,214,1,1,2,Lost
17723,2011-08-04 18:37:00,6,3276.4,127,2,4,4,Loyal Customers
14699,2011-05-09 14:54:00,1,109.12999999999998,214,1,1,1,Lost
12821,2011-05-09 15:51:00,1,92.72,214,1,1,1,Lost
13055,2011-09-22 14:26:00,3,1214.41,78,2,3,3,Loyal Customers
13320,2011-09-22 18:07:00,4,1548.7000000000003,78,2,3,3,Loyal Customers
16357,2011-11-06 16:04:00,3,658.88,33,3,3,2,Loyal Customers
18242,2011-09-28 13:43:00,4,2232.49,72,2,3,4,Loyal Customers
15865,2011-10-30 12:43:00,3,895.1300000000002,41,3,3,3,Champions
17597,2011-05-10 11:54:00,1,2044.3700000000003,214,1,1,4,Lost
14397,2011-12-07 09:22:00,19,2612.960000000001,3,4,4,4,Champions
13242,2011-08-19 12:53:00,3,270.40000000000003,112,2,3,1,Loyal Customers
12684,2011-12-02 09:53:00,7,2283.6299999999997,8,4,4,4,Champions
14288,2011-05-10 13:22:00,1,426.6,213,1,1,2,Lost
15063,2011-05-10 13:25:00,1,370.79999999999995,213,1,1,2,Lost
12592,2011-09-08 15:04:00,2,437.59999999999997,92,2,2,2,Needs Attention
14591,2011-11-24 13:57:00,4,1447.140000000001,15,4,3,3,Champions
13990,2011-05-10 15:19:00,1,311.3,213,1,1,2,Lost
12749,2011-12-06 09:56:00,5,4090.880000000001,4,4,4,4,Champions
16320,2011-06-20 15:25:00,2,1038.46,172,1,2,3,Lost
14691,2011-11-09 12:30:00,5,2114.3299999999995,31,3,4,4,Champions
16229,2011-09-13 17:16:00,2,1010.5999999999999,87,2,2,3,Needs Attention
14920,2011-05-11 10:32:00,2,977.77,213,1,2,3,Lost
17489,2011-10-12 08:56:00,2,376.63999999999993,59,2,2,2,Needs Attention
13404,2011-12-08 15:37:00,2,252.48999999999998,1,4,2,1,New / Promising
15729,2011-05-11 12:36:00,1,85.0,213,1,1,1,Lost
13136,2011-10-14 13:41:00,5,2607.6099999999997,56,2,4,4,Loyal Customers
16644,2011-06-15 12:39:00,2,833.7799999999996,178,1,2,3,Lost
14731,2011-10-23 15:54:00,3,380.0199999999999,47,3,3,2,Loyal Customers
14277,2011-11-24 15:01:00,3,4216.200000000001,15,4,3,4,Champions
15187,2011-12-08 11:56:00,16,4777.180000000001,2,4,4,4,Champions
13052,2011-05-11 14:12:00,1,348.15000000000003,212,1,1,2,Lost
18133,2011-05-11 14:14:00,1,931.4999999999999,212,1,1,3,Lost
17664,2011-11-21 11:29:00,2,604.64,19,3,2,2,New / Promising
14649,2011-12-05 12:30:00,4,1417.2899999999997,5,4,3,3,Champions
12649,2011-08-24 14:41:00,3,623.5099999999999,107,2,3,2,Loyal Customers
13235,2011-05-11 17:13:00,1,1031.0699999999997,212,1,1,3,Lost
14883,2011-11-21 10:23:00,6,761.5900000000001,19,3,4,3,Champions
12976,2011-05-12 09:55:00,1,738.6,212,1,1,3,Lost
14681,2011-09-29 15:52:00,3,498.95,71,2,3,2,Loyal Customers
14421,2011-10-13 13:24:00,2,813.11,57,2,2,3,Needs Attention
16116,2011-05-12 12:01:00,1,612.7800000000001,212,1,1,2,Lost
14988,2011-05-12 12:05:00,1,334.54,212,1,1,2,Lost
15489,2011-11-17 08:53:00,3,1134.28,23,3,3,3,Champions
14364,2011-08-23 11:01:00,8,3717.349999999999,109,2,4,4,Loyal Customers
16006,2011-05-12 13:12:00,1,101.39999999999999,211,1,1,1,Lost
16184,2011-10-06 17:43:00,6,1158.7900000000002,64,2,4,3,Loyal Customers
17932,2011-11-10 19:49:00,3,1331.5699999999997,29,3,3,3,Champions
18221,2011-11-17 14:40:00,5,1041.6100000000001,22,3,4,3,Champions
12590,2011-05-12 14:52:00,2,9864.260000000004,211,1,2,4,Lost
14853,2011-11-15 16:56:00,2,475.79999999999995,24,3,2,2,New / Promising
17658,2011-11-14 12:07:00,2,595.42,26,3,2,2,New / Promising
17764,2011-10-20 11:03:00,2,818.8200000000002,51,3,2,3,New / Promising
14651,2011-10-03 15:52:00,2,654.5999999999998,67,2,2,2,Needs Attention
14000,2011-05-12 16:50:00,1,635.6600000000001,211,1,1,2,Lost
13601,2011-10-25 17:31:00,2,693.3200000000002,45,3,2,3,New / Promising
12757,2011-11-24 12:30:00,13,7857.099999999999,16,4,4,4,Champions
17970,2011-05-12 20:03:00,1,582.5899999999999,211,1,1,2,Lost
12770,2011-05-13 09:33:00,1,1351.4499999999998,211,1,1,3,Lost
15826,2011-10-14 16:05:00,3,1654.31,56,2,3,3,Loyal Customers
15907,2011-12-06 12:21:00,3,967.4499999999998,4,4,3,3,Champions
12695,2011-12-02 13:22:00,4,582.1,7,4,3,2,Loyal Customers
14342,2011-11-18 13:21:00,4,668.5600000000002,21,3,3,2,Loyal Customers
14873,2011-05-13 13:52:00,1,519.68,210,1,1,2,Lost
14689,2011-05-15 11:22:00,1,112.80000000000001,209,1,1,1,Lost
15440,2011-10-16 12:16:00,3,383.67999999999995,55,2,3,2,Loyal Customers
16076,2011-12-06 14:59:00,10,2234.729999999999,3,4,4,4,Champions
15333,2011-05-15 13:27:00,1,1028.56,208,1,1,3,Lost
16283,2011-12-04 12:08:00,5,1570.8099999999993,6,4,4,3,Champions
17263,2011-05-15 14:32:00,1,63.440000000000005,208,1,1,1,Lost
16877,2011-11-27 13:47:00,6,853.7199999999998,12,4,4,3,Champions
12674,2011-11-01 12:12:00,4,1970.6000000000006,39,3,3,4,Champions
16642,2011-12-05 11:31:00,2,688.33,5,4,2,3,New / Promising
12871,2011-09-16 15:07:00,2,380.64000000000004,84,2,2,2,Needs Attention
14038,2011-09-22 13:37:00,3,1560.379999999999,78,2,3,3,Loyal Customers
14489,2011-05-16 14:51:00,1,463.38000000000005,207,1,1,2,Lost
14888,2011-05-16 14:58:00,1,369.2,207,1,1,2,Lost
17190,2011-10-12 11:33:00,2,444.74,59,2,2,2,Needs Attention
13456,2011-11-22 09:18:00,6,1766.7199999999998,18,4,4,4,Champions
17898,2011-09-15 14:56:00,2,152.06,85,2,2,1,Needs Attention
13976,2011-05-17 09:13:00,1,357.9800000000001,207,1,1,2,Lost
16139,2011-11-21 08:37:00,3,635.41,19,3,3,2,Loyal Customers
15730,2011-10-05 12:31:00,3,1120.8800000000003,66,2,3,3,Loyal Customers
16266,2011-09-27 12:08:00,7,861.8899999999998,74,2,4,3,Loyal Customers
15123,2011-12-02 13:12:00,2,2199.309999999999,7,4,2,4,New / Promising
17702,2011-11-09 16:03:00,4,1824.3700000000001,30,3,3,4,Champions
17505,2011-07-01 12:50:00,2,1145.84,162,1,2,3,Lost
12690,2011-05-18 09:09:00,1,389.00999999999993,206,1,1,2,Lost
16446,2011-12-09 09:15:00,2,168472.5,1,4,2,4,New / Promising
17556,2011-05-18 10:48:00,1,157.9,206,1,1,1,Lost
14583,2011-12-04 12:32:00,5,1052.5500000000004,6,4,4,3,Champions
16818,2011-11-29 10:41:00,11,3349.57,11,4,4,4,Champions
13572,2011-05-18 11:59:00,1,1384.25,206,1,1,3,Lost
14009,2011-05-25 15:47:00,2,695.6099999999999,198,1,2,3,Lost
13258,2011-11-28 09:31:00,3,698.5799999999999,12,4,3,3,Champions
14463,2011-09-02 15:20:00,3,529.62,98,2,3,2,Loyal Customers
13192,2011-09-05 14:13:00,2,911.9400000000002,95,2,2,3,Needs Attention
16987,2011-12-06 17:26:00,7,1625.0500000000004,3,4,4,3,Champions
13417,2011-12-05 08:49:00,2,640.83,5,4,2,2,New / Promising
17047,2011-09-15 13:27:00,3,1100.9,85,2,3,3,Loyal Customers
15116,2011-11-22 12:25:00,4,1352.7500000000002,18,4,3,3,Champions
17469,2011-11-23 13:15:00,5,1870.9699999999996,16,4,4,4,Champions
16647,2011-06-23 11:47:00,2,214.06,170,1,2,1,Lost
15630,2011-10-25 15:36:00,2,1186.35,45,3,2,3,New / Promising
17245,2011-05-19 10:43:00,1,171.45,205,1,1,1,Lost
16008,2011-11-16 10:32:00,3,478.7800000000001,24,3,3,2,Loyal Customers
17871,2011-05-19 11:32:00,1,155.89999999999998,205,1,1,1,Lost
13529,2011-09-22 09:15:00,2,307.76,79,2,2,2,Needs Attention
12620,2011-11-25 10:20:00,3,1339.4099999999999,15,4,3,3,Champions
15599,2011-11-13 11:44:00,2,761.74,27,3,2,3,New / Promising
16813,2011-12-01 14:03:00,10,1692.9799999999998,8,4,4,4,Champions
14859,2011-11-27 11:18:00,4,1353.739999999999,13,4,3,3,Champions
16463,2011-11-18 14:01:00,4,1422.4,21,3,3,3,Champions
15791,2011-10-27 10:14:00,2,1612.6900000000003,44,3,2,3,New / Promising
13658,2011-11-30 10:13:00,5,2639.1700000000037,10,4,4,4,Champions
13887,2011-05-19 17:22:00,1,349.54999999999995,204,1,1,2,Lost
12353,2011-05-19 17:47:00,1,89.0,204,1,1,1,Lost
14551,2011-11-21 13:36:00,2,186.23000000000002,18,4,2,1,New / Promising
17166,2011-11-01 09:46:00,2,206.33999999999997,39,3,2,1,New / Promising
17926,2011-07-29 14:39:00,2,397.29,133,2,2,2,Needs Attention
13391,2011-05-20 10:50:00,1,59.8,204,1,1,1,Lost
17455,2011-05-20 12:31:00,1,131.7,204,1,1,1,Lost
13308,2011-11-17 09:31:00,3,1385.51,23,3,3,3,Champions
13856,2011-06-24 10:03:00,3,388.5,169,1,3,2,At Risk
13243,2011-05-20 13:14:00,1,600.07,203,1,1,2,Lost
15095,2011-08-28 12:01:00,4,1370.5999999999997,104,2,3,3,Loyal Customers
18048,2011-05-20 14:58:00,2,172.29000000000002,203,1,2,1,Lost
18287,2011-10-28 09:29:00,3,1837.2799999999997,43,3,3,4,Champions
18150,2011-11-07 16:49:00,3,566.5800000000002,32,3,3,2,Loyal Customers
16690,2011-09-28 15:02:00,2,225.57999999999996,72,2,2,1,Needs Attention
13555,2011-09-27 12:36:00,4,4149.2800000000025,74,2,3,4,Loyal Customers
16038,2011-12-02 12:40:00,3,471.7799999999999,8,4,3,2,Loyal Customers
13972,2011-09-30 11:54:00,2,190.25000000000009,71,2,2,1,Needs Attention
13227,2011-05-22 11:47:00,1,257.7,202,1,1,1,Lost
13657,2011-11-29 12:32:00,2,382.13999999999993,11,4,2,2,New / Promising
17176,2011-05-22 12:41:00,1,306.13,202,1,1,1,Lost
14837,2011-09-11 10:58:00,4,1649.5000000000011,90,2,3,3,Loyal Customers
14682,2011-06-05 12:12:00,2,52.0,188,1,2,1,Lost
14921,2011-11-09 13:17:00,2,1316.0700000000004,30,3,2,3,New / Promising
16341,2011-11-15 09:12:00,4,1971.8700000000003,25,3,3,4,Champions
14647,2011-05-22 13:40:00,1,243.21999999999994,201,1,1,1,Lost
12710,2011-09-04 12:00:00,3,1149.0200000000007,97,2,3,3,Loyal Customers
15292,2011-05-22 15:00:00,1,180.93999999999997,201,1,1,1,Lost
15705,2011-05-22 15:37:00,1,143.10000000000002,201,1,1,1,Lost
13339,2011-05-23 08:31:00,1,860.1200000000002,201,1,1,3,Lost
13885,2011-06-03 15:07:00,2,506.8000000000001,189,1,2,2,Lost
12360,2011-10-18 15:22:00,3,2662.0600000000004,52,2,3,4,Loyal Customers
13546,2011-11-27 14:50:00,3,626.9899999999999,12,4,3,2,Loyal Customers
17715,2011-05-23 12:32:00,1,326.4,201,1,1,2,Lost
18160,2011-10-13 15:50:00,2,638.0600000000002,57,2,2,2,Needs Attention
15434,2011-12-01 13:33:00,5,1041.4800000000002,8,4,4,3,Champions
15734,2011-08-17 10:50:00,2,1339.45,115,2,2,3,Needs Attention
13737,2011-05-23 16:32:00,1,339.59999999999997,200,1,1,2,Lost
13213,2011-10-14 11:42:00,5,1520.5800000000004,57,2,4,3,Loyal Customers
18018,2011-08-23 17:37:00,2,122.13999999999996,108,2,2,1,Needs Attention
15314,2011-05-24 14:39:00,1,327.97,199,1,1,2,Lost
17521,2011-11-10 11:22:00,3,723.2099999999998,30,3,3,3,Champions
15042,2011-05-24 16:25:00,1,135.93,199,1,1,1,Lost
16091,2011-07-08 08:45:00,2,315.06000000000006,155,1,2,2,Lost
15804,2011-12-09 12:31:00,13,4206.389999999997,1,4,4,4,Champions
14593,2011-11-18 12:48:00,3,617.9900000000001,22,3,3,2,Loyal Customers
14287,2011-12-01 13:25:00,3,176.63,8,4,3,1,Loyal Customers
16763,2011-05-25 11:52:00,1,611.8500000000001,199,1,1,2,Lost
14705,2011-05-25 12:39:00,1,179.0,199,1,1,1,Lost
12562,2011-12-01 17:20:00,7,3781.7400000000025,8,4,4,4,Champions
12815,2011-07-15 10:21:00,2,1063.46,148,1,2,3,Lost
14522,2011-11-15 13:24:00,4,974.54,24,3,3,3,Champions
16448,2011-05-25 16:28:00,1,188.89,198,1,1,1,Lost
14584,2011-06-23 18:33:00,4,1042.2599999999995,169,1,3,3,At Risk
12974,2011-05-26 09:33:00,1,144.8,198,1,1,1,Lost
12987,2011-09-27 12:03:00,2,558.7,74,2,2,2,Needs Attention
14816,2011-05-26 13:16:00,1,271.85,197,1,1,1,Lost
15852,2011-06-06 11:22:00,2,160.71,187,1,2,1,Lost
16624,2011-09-20 12:39:00,2,810.5699999999999,81,2,2,3,Needs Attention
12493,2011-06-27 10:17:00,2,433.74,166,1,2,2,Lost
18232,2011-09-19 11:49:00,4,592.97,82,2,3,2,Loyal Customers
18073,2011-08-17 14:02:00,12,3877.520000000002,114,2,4,4,Loyal Customers
16369,2011-11-21 16:25:00,3,1553.66,18,4,3,3,Champions
14280,2011-05-27 10:37:00,1,134.04,197,1,1,1,Lost
13135,2011-05-27 10:52:00,1,3096.0,197,1,1,4,Lost
17345,2011-11-24 15:02:00,4,537.74,15,4,3,2,Loyal Customers
16275,2011-05-27 12:41:00,1,559.8699999999999,197,1,1,2,Lost
14338,2011-07-01 14:08:00,2,588.2199999999999,161,1,2,2,Lost
15402,2011-07-14 12:17:00,2,626.7699999999999,149,1,2,2,Lost
12876,2011-10-13 12:26:00,2,2218.0200000000004,58,2,2,4,Needs Attention
16323,2011-05-27 14:48:00,1,207.50000000000003,196,1,1,1,Lost
12426,2011-05-29 12:26:00,1,582.7299999999999,195,1,1,2,Lost
14451,2011-10-10 13:38:00,2,662.5900000000001,60,2,2,2,Needs Attention
14823,2011-06-12 13:12:00,3,321.4299999999999,180,1,3,2,At Risk
15897,2011-05-29 13:50:00,2,222.05,194,1,2,1,Lost
17051,2011-05-29 14:13:00,1,247.14,194,1,1,1,Lost
15925,2011-05-29 15:35:00,1,207.15,194,1,1,1,Lost
12787,2011-11-30 08:44:00,3,463.65999999999997,10,4,3,2,Loyal Customers
15863,2011-11-14 12:49:00,2,68.84,26,3,2,1,New / Promising
16483,2011-05-31 13:08:00,1,139.35000000000002,192,1,1,1,Lost
13398,2011-05-31 13:17:00,1,457.3400000000001,192,1,1,2,Lost
13070,2011-05-31 13:45:00,1,228.8,192,1,1,1,Lost
14819,2011-10-06 13:41:00,2,272.06999999999994,64,2,2,1,Needs Attention
12790,2011-05-31 14:14:00,1,324.9200000000001,192,1,1,2,Lost
15163,2011-11-21 13:10:00,2,304.4699999999999,18,4,2,1,New / Promising
18204,2011-09-29 16:44:00,3,1993.7,71,2,3,4,Loyal Customers
16810,2011-05-31 15:32:00,1,309.53999999999996,192,1,1,2,Lost
15124,2011-11-17 10:09:00,2,184.19,23,3,2,1,New / Promising
12473,2011-11-10 13:46:00,5,3938.55,29,3,4,4,Champions
16969,2011-10-31 13:12:00,3,650.4100000000002,39,3,3,2,Loyal Customers
14597,2011-11-28 13:13:00,2,883.1500000000002,11,4,2,3,New / Promising
13917,2011-10-21 09:56:00,2,272.04,50,3,2,1,New / Promising
16424,2011-06-01 13:40:00,1,133.56,191,1,1,1,Lost
13062,2011-06-01 15:12:00,1,346.98,191,1,1,2,Lost
16484,2011-06-19 12:06:00,2,404.30000000000007,174,1,2,2,Lost
14389,2011-10-05 15:17:00,2,1043.46,65,2,2,3,Needs Attention
15184,2011-11-10 13:41:00,2,406.76,29,3,2,2,New / Promising
18135,2011-11-10 19:32:00,5,681.9100000000001,29,3,4,3,Champions
14453,2011-06-02 14:15:00,1,119.93000000000002,190,1,1,1,Lost
17900,2011-06-02 14:38:00,2,112.19999999999999,190,1,2,1,Lost
13437,2011-11-25 14:00:00,7,3408.0599999999995,14,4,4,4,Champions
12517,2011-11-11 14:04:00,5,2502.8399999999983,28,3,4,4,Champions
16529,2011-06-02 17:23:00,1,455.25,190,1,1,2,Lost
17531,2011-06-02 19:17:00,1,296.70000000000005,190,1,1,1,Lost
16239,2011-10-14 08:29:00,2,414.2,57,2,2,2,Needs Attention
14500,2011-09-12 16:45:00,3,356.85,88,2,3,2,Loyal Customers
16117,2011-06-03 11:42:00,1,232.21,190,1,1,1,Lost
13248,2011-08-07 12:40:00,2,465.6799999999999,125,2,2,2,Needs Attention
16967,2011-06-03 14:24:00,1,319.0199999999999,189,1,1,2,Lost
15405,2011-06-03 14:44:00,1,349.1,189,1,1,2,Lost
16659,2011-06-03 15:03:00,1,39.12,189,1,1,1,Lost
16880,2011-11-09 11:33:00,7,1519.0800000000004,31,3,4,3,Champions
13435,2011-12-04 14:45:00,7,3809.89,5,4,4,4,Champions
13131,2011-11-16 13:21:00,3,1073.2999999999997,23,3,3,3,Champions
14891,2011-07-14 18:08:00,2,554.38,148,1,2,2,Lost
16682,2011-12-05 12:13:00,5,1027.9999999999998,5,4,4,3,Champions
15453,2011-12-08 10:59:00,7,1388.370000000001,2,4,4,3,Champions
16963,2011-06-05 13:48:00,1,110.55000000000001,187,1,1,1,Lost
13682,2011-06-05 14:06:00,1,59.5,187,1,1,1,Lost
15152,2011-11-30 12:32:00,13,4745.69,10,4,4,4,Champions
15462,2011-09-06 13:11:00,3,234.60000000000002,94,2,3,1,Loyal Customers
12449,2011-11-17 13:46:00,4,4067.2900000000013,22,3,3,4,Champions
15349,2011-07-04 16:06:00,2,473.80999999999983,158,1,2,2,Lost
16849,2011-06-06 09:16:00,1,124.57,187,1,1,1,Lost
12802,2011-06-06 09:36:00,1,427.5799999999999,187,1,1,2,Lost
15073,2011-11-30 10:44:00,3,1043.4099999999999,10,4,3,3,Champions
16298,2011-11-17 11:59:00,3,598.1999999999998,23,3,3,2,Loyal Customers
12535,2011-09-09 08:48:00,2,716.3500000000001,92,2,2,3,Needs Attention
18248,2011-08-09 10:19:00,2,804.02,123,2,2,3,Needs Attention
15386,2011-06-06 13:47:00,1,394.14000000000004,186,1,1,2,Lost
16611,2011-06-06 15:46:00,1,129.49,186,1,1,1,Lost
17252,2011-08-15 09:45:00,2,353.8599999999999,117,2,2,2,Needs Attention
14542,2011-06-07 08:19:00,1,103.25000000000001,186,1,1,1,Lost
16825,2011-11-01 11:51:00,2,775.1800000000001,39,3,2,3,New / Promising
12380,2011-11-18 11:27:00,4,2724.81,22,3,3,4,Champions
18072,2011-06-07 10:44:00,1,247.44,186,1,1,1,Lost
13643,2011-11-08 15:37:00,3,519.44,31,3,3,2,Loyal Customers
15969,2011-12-07 11:06:00,3,666.0999999999999,3,4,3,2,Loyal Customers
13283,2011-10-11 09:50:00,2,93.66,60,2,2,1,Needs Attention
17015,2011-11-11 10:45:00,3,1842.5599999999995,29,3,3,4,Champions
14375,2011-06-07 13:44:00,1,257.67999999999995,185,1,1,1,Lost
17124,2011-06-07 14:02:00,1,298.89000000000004,185,1,1,1,Lost
17987,2011-06-07 14:22:00,1,198.57,185,1,1,1,Lost
13395,2011-06-07 15:04:00,1,307.72,185,1,1,2,Lost
17828,2011-11-17 08:41:00,4,1820.0900000000006,23,3,3,4,Champions
15743,2011-11-23 17:19:00,4,784.4600000000004,16,4,3,3,Champions
17414,2011-10-27 12:13:00,2,778.0,44,3,2,3,New / Promising
14622,2011-06-08 12:42:00,1,320.58,185,1,1,2,Lost
15609,2011-06-08 13:00:00,1,298.48,184,1,1,1,Lost
14561,2011-09-25 12:39:00,3,1080.7600000000004,76,2,3,3,Loyal Customers
16872,2011-09-23 16:05:00,3,680.02,77,2,3,3,Loyal Customers
16358,2011-12-08 15:09:00,4,2027.499999999999,1,4,3,4,Champions
15238,2011-11-10 14:28:00,3,1071.9899999999998,29,3,3,3,Champions
13115,2011-11-28 12:38:00,4,2294.7800000000007,12,4,3,4,Champions
13466,2011-06-08 16:39:00,1,307.90000000000003,184,1,1,2,Lost
17360,2011-11-22 13:11:00,3,585.7900000000002,17,4,3,2,Loyal Customers
13510,2011-12-08 13:46:00,4,1791.5599999999984,1,4,3,4,Champions
12406,2011-11-17 19:22:00,2,3415.300000000001,22,3,2,4,New / Promising
16892,2011-12-08 13:18:00,5,525.5399999999997,1,4,4,2,Loyal Customers
14241,2011-06-09 11:46:00,1,213.70000000000002,184,1,1,1,Lost
14132,2011-12-07 13:35:00,11,3586.030000000001,2,4,4,4,Champions
14963,2011-11-30 12:16:00,5,1487.8000000000013,10,4,4,3,Champions
17169,2011-10-13 10:25:00,2,835.7800000000004,58,2,2,3,Needs Attention
15252,2011-11-03 13:30:00,2,740.7800000000001,36,3,2,3,New / Promising
17731,2011-09-21 15:02:00,4,1240.11,79,2,3,3,Loyal Customers
16113,2011-06-09 16:16:00,1,161.38000000000002,183,1,1,1,Lost
12694,2011-09-30 13:06:00,2,869.6699999999998,70,2,2,3,Needs Attention
16107,2011-11-22 09:40:00,7,3204.16,18,4,4,4,Champions
17483,2011-10-05 13:10:00,3,414.04,65,2,3,2,Loyal Customers
15679,2011-11-15 16:19:00,4,781.2799999999999,24,3,3,3,Champions
13686,2011-06-10 09:10:00,1,72.0,183,1,1,1,Lost
16581,2011-06-10 10:05:00,1,105.84,183,1,1,1,Lost
15267,2011-11-17 15:59:00,5,1717.36,22,3,4,4,Champions
17234,2011-06-10 11:20:00,1,149.89,183,1,1,1,Lost
17797,2011-11-17 13:21:00,3,780.4300000000003,22,3,3,3,Champions
16614,2011-06-10 11:36:00,1,506.18999999999994,183,1,1,2,Lost
12409,2011-09-22 10:38:00,3,11072.670000000002,79,2,3,4,Loyal Customers
15411,2011-11-13 15:19:00,4,1358.8800000000003,26,3,3,3,Champions
14178,2011-12-01 12:01:00,7,1620.93,9,4,4,3,Champions
15098,2011-06-10 15:33:00,3,39916.5,182,1,3,4,At Risk
18281,2011-06-12 10:53:00,1,80.82,181,1,1,1,Lost
14984,2011-11-20 14:28:00,2,213.26999999999998,19,3,2,1,New / Promising
12516,2011-09-23 09:13:00,2,1312.06,78,2,2,3,Needs Attention
17265,2011-07-24 10:49:00,2,562.8999999999997,139,2,2,2,Needs Attention
13617,2011-10-30 13:50:00,3,544.18,40,3,3,2,Loyal Customers
17242,2011-08-23 14:55:00,2,1135.0399999999997,108,2,2,3,Needs Attention
17289,2011-11-08 12:01:00,3,944.4100000000004,32,3,3,3,Champions
16018,2011-10-31 14:13:00,2,408.90000000000003,39,3,2,2,New / Promising
14704,2011-11-28 12:51:00,9,1546.9099999999999,11,4,4,3,Champions
16794,2011-12-08 17:54:00,10,1222.7100000000012,1,4,4,3,Champions
13761,2011-10-20 14:01:00,2,1070.65,50,3,2,3,New / Promising
13517,2011-10-11 11:43:00,3,2128.42,60,2,3,4,Loyal Customers
13936,2011-06-13 08:47:00,1,376.58,180,1,1,2,Lost
16342,2011-09-25 14:36:00,4,322.41,75,2,3,2,Loyal Customers
14177,2011-09-14 15:11:00,4,559.4100000000001,86,2,3,2,Loyal Customers
12732,2011-06-13 11:33:00,1,236.2600000000001,180,1,1,1,Lost
16205,2011-11-09 09:32:00,4,761.38,31,3,3,3,Champions
15036,2011-09-28 15:42:00,3,465.55,72,2,3,2,Loyal Customers
13589,2011-11-25 12:10:00,2,379.65000000000003,15,4,2,2,New / Promising
17579,2011-12-05 12:28:00,3,448.89999999999986,5,4,3,2,Loyal Customers
15069,2011-06-13 14:16:00,1,1109.5300000000007,179,1,1,3,Lost
17349,2011-06-13 14:29:00,1,110.75,179,1,1,1,Lost
13080,2011-06-13 14:59:00,1,58.08,179,1,1,1,Lost
13663,2011-06-13 15:44:00,1,189.47,179,1,1,1,Lost
14503,2011-12-06 13:30:00,6,3543.2600000000016,3,4,4,4,Champions
16774,2011-10-03 12:41:00,4,661.5200000000001,68,2,3,2,Loyal Customers
13384,2011-11-09 11:04:00,7,4151.929999999999,31,3,4,4,Champions
17101,2011-11-29 13:57:00,4,1621.7299999999998,10,4,3,3,Champions
14997,2011-10-24 13:28:00,3,546.2,46,3,3,2,Loyal Customers
17155,2011-11-22 12:38:00,2,251.69999999999996,18,4,2,1,New / Promising
12809,2011-06-15 10:51:00,1,489.31,178,1,1,2,Lost
16461,2011-06-15 12:07:00,1,151.42,178,1,1,1,Lost
13343,2011-06-15 12:24:00,1,353.43,178,1,1,2,Lost
12624,2011-08-25 15:04:00,2,641.1300000000001,106,2,2,2,Needs Attention
18165,2011-06-15 13:23:00,1,302.46000000000004,177,1,1,1,Lost
17536,2011-06-15 13:23:00,1,76.5,177,1,1,1,Lost
16324,2011-08-03 12:58:00,3,428.6799999999998,128,2,3,2,Loyal Customers
17651,2011-11-28 10:29:00,10,3945.000000000001,12,4,4,4,Champions
14222,2011-06-15 16:42:00,1,683.17,177,1,1,3,Lost
15585,2011-06-16 08:38:00,1,455.30000000000007,177,1,1,2,Lost
17490,2011-12-09 09:08:00,7,2092.3199999999997,1,4,4,4,Champions
16739,2011-06-16 09:17:00,1,323.00000000000006,177,1,1,2,Lost
16276,2011-06-16 09:34:00,1,810.6000000000001,177,1,1,3,Lost
17193,2011-11-04 12:47:00,7,1699.3000000000004,36,3,4,4,Champions
16257,2011-06-16 10:11:00,1,46.95,177,1,1,1,Lost
16279,2011-11-18 15:00:00,3,1509.5800000000004,21,3,3,3,Champions
14285,2011-11-18 14:50:00,4,1910.0100000000004,21,3,3,4,Champions
17642,2011-08-12 09:11:00,2,712.2900000000002,120,2,2,3,Needs Attention
12816,2011-09-05 12:41:00,2,572.2,96,2,2,2,Needs Attention
13826,2011-06-16 13:48:00,1,189.5,176,1,1,1,Lost
13575,2011-11-16 13:14:00,5,732.0699999999997,23,3,4,3,Champions
17157,2011-12-02 09:10:00,2,319.0,8,4,2,2,New / Promising
16852,2011-11-29 13:22:00,2,144.91,10,4,2,1,New / Promising
15219,2011-06-16 16:57:00,1,305.75,176,1,1,1,Lost
15014,2011-10-27 20:07:00,2,260.16999999999996,43,3,2,1,New / Promising
14765,2011-11-10 19:53:00,3,254.10999999999996,29,3,3,1,Loyal Customers
16869,2011-11-17 12:02:00,4,825.4199999999997,23,3,3,3,Champions
15909,2011-06-19 10:38:00,1,191.93999999999997,174,1,1,1,Lost
13618,2011-06-19 11:09:00,1,177.34000000000003,174,1,1,1,Lost
16050,2011-06-19 11:44:00,1,137.9,174,1,1,1,Lost
17879,2011-06-19 12:36:00,1,178.51999999999998,174,1,1,1,Lost
17562,2011-11-25 14:21:00,7,1122.3799999999997,14,4,4,3,Champions
15334,2011-07-06 11:22:00,3,351.6699999999999,157,1,3,2,At Risk
12450,2011-07-06 14:41:00,2,197.88,156,1,2,1,Lost
13568,2011-06-19 14:42:00,1,192.85000000000005,173,1,1,1,Lost
14820,2011-11-18 15:41:00,4,507.2900000000001,21,3,3,2,Loyal Customers
16744,2011-11-28 13:06:00,7,1304.7599999999993,11,4,4,3,Champions
15700,2011-06-20 16:53:00,2,696.6799999999996,172,1,2,3,Lost
17299,2011-11-28 12:01:00,4,669.1100000000001,12,4,3,2,Loyal Customers
12837,2011-06-19 16:07:00,1,134.1,173,1,1,1,Lost
15076,2011-06-20 08:23:00,1,880.8500000000004,173,1,1,3,Lost
17444,2011-07-15 12:05:00,3,2940.0400000000013,148,1,3,4,At Risk
15921,2011-06-20 11:03:00,1,336.03000000000003,173,1,1,2,Lost
15747,2011-11-27 12:26:00,3,974.0399999999995,13,4,3,3,Champions
15840,2011-10-12 09:08:00,2,355.56,59,2,2,2,Needs Attention
15016,2011-06-20 12:06:00,1,170.04,173,1,1,1,Lost
14808,2011-10-31 12:21:00,8,2741.169999999997,40,3,4,4,Champions
12904,2011-11-21 14:34:00,2,509.57999999999976,18,4,2,2,New / Promising
15825,2011-06-20 13:27:00,1,532.94,172,1,1,2,Lost
12432,2011-10-28 11:43:00,5,5059.3200000000015,43,3,4,4,Champions
15389,2011-06-20 16:18:00,1,500.0,172,1,1,2,Lost
15280,2011-06-20 17:14:00,1,113.12,172,1,1,1,Lost
17159,2011-11-18 10:52:00,3,1538.88,22,3,3,3,Champions
15329,2011-10-31 15:36:00,3,1049.6999999999998,39,3,3,3,Champions
12830,2011-11-02 11:54:00,6,6814.640000000001,38,3,4,4,Champions
15507,2011-06-21 11:19:00,1,492.35999999999996,172,1,1,2,Lost
18252,2011-10-20 12:43:00,2,526.6699999999996,51,3,2,2,New / Promising
16526,2011-06-21 12:02:00,1,290.35999999999996,172,1,1,1,Lost
17695,2011-07-31 10:40:00,2,765.34,132,2,2,3,Needs Attention
12930,2011-09-22 15:18:00,2,415.8,78,2,2,2,Needs Attention
14960,2011-12-01 12:54:00,2,221.26999999999992,8,4,2,1,New / Promising
12444,2011-11-18 13:23:00,5,5005.46,21,3,4,4,Champions
17960,2011-06-21 14:15:00,1,73.78,171,1,1,1,Lost
15412,2011-06-21 15:24:00,1,190.53000000000003,171,1,1,1,Lost
12798,2011-11-29 15:52:00,3,6977.039999999999,10,4,3,4,Champions
13849,2011-10-19 10:59:00,2,1537.95,52,2,2,3,Needs Attention
16114,2011-06-22 10:13:00,1,135.75000000000003,171,1,1,1,Lost
13420,2011-07-13 08:48:00,2,159.85,150,1,2,1,Lost
13780,2011-12-02 13:49:00,2,360.01,7,4,2,2,New / Promising
17877,2011-06-22 13:00:00,1,237.61,170,1,1,1,Lost
16247,2011-06-22 14:23:00,1,114.56,170,1,1,1,Lost
15041,2011-06-22 16:16:00,1,180.35000000000002,170,1,1,1,Lost
12379,2011-09-19 10:09:00,2,852.2399999999997,82,2,2,3,Needs Attention
16287,2011-06-23 09:08:00,1,142.5,170,1,1,1,Lost
12919,2011-12-01 13:47:00,6,1335.1899999999998,8,4,4,3,Champions
15130,2011-06-23 10:15:00,1,330.11,170,1,1,2,Lost
12704,2011-12-02 13:15:00,8,2340.84,7,4,4,4,Champions
17370,2011-09-28 10:14:00,4,446.18,73,2,3,2,Loyal Customers
17709,2011-06-23 11:55:00,1,137.45,170,1,1,1,Lost
15253,2011-11-23 16:22:00,5,918.1999999999996,16,4,4,3,Champions
13300,2011-06-23 13:09:00,1,371.89000000000004,169,1,1,2,Lost
17759,2011-11-22 16:02:00,3,834.9899999999998,17,4,3,3,Champions
12465,2011-11-22 16:34:00,2,742.1900000000002,17,4,2,3,New / Promising
12412,2011-09-26 10:16:00,3,1226.8799999999999,75,2,3,3,Loyal Customers
12697,2011-11-11 08:47:00,3,957.5899999999999,29,3,3,3,Champions
13937,2011-06-23 16:35:00,1,158.85,169,1,1,1,Lost
12615,2011-12-07 15:02:00,4,2291.1900000000005,2,4,3,4,Champions
15850,2011-11-20 14:14:00,2,238.85000000000002,19,3,2,1,New / Promising
15186,2011-11-25 14:58:00,2,411.40999999999997,14,4,2,2,New / Promising
13791,2011-08-04 11:44:00,2,1516.0,128,2,2,3,Needs Attention
14795,2011-06-26 13:04:00,1,131.45,166,1,1,1,Lost
17768,2011-12-01 13:22:00,3,2273.1800000000003,8,4,3,4,Champions
18112,2011-11-27 14:43:00,2,352.69,12,4,2,2,New / Promising
12548,2011-06-26 15:35:00,1,95.19999999999999,166,1,1,1,Lost
17386,2011-12-02 11:28:00,6,2686.42,8,4,4,4,Champions
14104,2011-07-08 12:50:00,2,216.20999999999998,155,1,2,1,Lost
17110,2011-06-27 12:58:00,1,163.29999999999998,165,1,1,1,Lost
18193,2011-06-27 13:58:00,1,243.76000000000005,165,1,1,1,Lost
13895,2011-11-11 16:57:00,4,2593.0699999999993,28,3,3,4,Champions
16545,2011-06-28 10:37:00,1,339.3,165,1,1,2,Lost
16671,2011-11-11 13:40:00,3,1692.27,28,3,3,4,Champions
14351,2011-06-28 11:56:00,1,51.0,165,1,1,1,Lost
17391,2011-06-29 09:58:00,2,508.8,164,1,2,2,Lost
16824,2011-11-24 12:38:00,2,460.64,16,4,2,2,New / Promising
17750,2011-12-04 14:09:00,9,1797.5699999999997,5,4,4,4,Champions
16200,2011-12-05 14:40:00,2,1080.6199999999992,4,4,2,3,New / Promising
17997,2011-09-26 16:13:00,8,1970.6700000000023,74,2,4,4,Loyal Customers
14383,2011-11-01 15:53:00,3,1247.6899999999998,38,3,3,3,Champions
13461,2011-11-01 09:01:00,3,1445.0000000000002,39,3,3,3,Champions
17408,2011-06-29 12:53:00,1,32.65,163,1,1,1,Lost
15537,2011-06-29 13:10:00,1,110.92000000000003,163,1,1,1,Lost
14327,2011-06-29 13:58:00,1,311.65000000000003,163,1,1,2,Lost
17837,2011-10-28 16:13:00,8,1593.3800000000008,42,3,4,3,Champions
12424,2011-06-30 12:06:00,2,1760.9599999999998,163,1,2,4,Lost
15578,2011-06-30 13:03:00,1,127.1,162,1,1,1,Lost
15584,2011-11-16 10:55:00,4,725.1099999999999,24,3,3,3,Champions
13745,2011-06-30 16:43:00,1,300.03999999999996,162,1,1,1,Lost
16498,2011-07-01 15:07:00,2,100.97000000000001,161,1,2,1,Lost
17891,2011-06-30 20:08:00,1,203.85999999999993,162,1,1,1,Lost
17123,2011-07-01 10:47:00,1,345.29999999999995,162,1,1,2,Lost
16866,2011-07-22 10:06:00,3,207.73999999999998,141,2,3,1,Loyal Customers
13730,2011-07-27 08:35:00,2,752.5999999999998,136,2,2,3,Needs Attention
16589,2011-09-29 14:50:00,3,459.2399999999999,71,2,3,2,Loyal Customers
12922,2011-07-01 15:35:00,1,405.38,161,1,1,2,Lost
16009,2011-11-17 16:51:00,4,992.7099999999999,22,3,3,3,Champions
14053,2011-08-07 14:27:00,2,260.25,124,2,2,1,Needs Attention
17939,2011-07-03 12:27:00,1,99.14000000000003,160,1,1,1,Lost
17312,2011-07-24 11:52:00,3,644.3,139,2,3,2,Loyal Customers
13833,2011-07-03 13:27:00,1,384.7999999999999,159,1,1,2,Lost
17899,2011-07-03 14:58:00,1,155.79999999999998,159,1,1,1,Lost
15007,2011-07-03 16:00:00,1,156.91000000000003,159,1,1,1,Lost
17464,2011-07-04 13:19:00,1,289.96000000000004,158,1,1,1,Lost
18265,2011-09-28 14:10:00,2,801.5100000000001,72,2,2,3,Needs Attention
16861,2011-10-11 09:05:00,2,173.76,60,2,2,1,Needs Attention
16344,2011-07-04 15:50:00,1,101.10000000000001,158,1,1,1,Lost
13338,2011-07-05 09:06:00,1,487.02,158,1,1,2,Lost
17024,2011-10-25 13:47:00,3,95.85,45,3,3,1,Loyal Customers
14034,2011-11-17 14:02:00,3,651.8200000000002,22,3,3,2,Loyal Customers
18203,2011-07-05 13:07:00,1,160.42000000000002,157,1,1,1,Lost
16616,2011-11-24 16:31:00,2,500.42000000000013,15,4,2,2,New / Promising
16338,2011-07-05 13:56:00,1,214.80000000000004,157,1,1,1,Lost
17046,2011-07-05 14:24:00,1,642.0199999999999,157,1,1,2,Lost
13109,2011-10-11 10:16:00,2,786.5400000000001,60,2,2,3,Needs Attention
16829,2011-07-06 10:48:00,1,197.22,157,1,1,1,Lost
13217,2011-08-09 15:32:00,3,533.98,122,2,3,2,Loyal Customers
14002,2011-07-28 15:55:00,2,529.73,134,2,2,2,Needs Attention
12977,2011-07-06 16:40:00,1,39.24,156,1,1,1,Lost
13291,2011-07-07 10:36:00,1,361.10999999999996,156,1,1,2,Lost
13583,2011-07-07 10:40:00,1,781.0300000000002,156,1,1,3,Lost
16929,2011-12-06 08:37:00,7,1295.3900000000006,4,4,4,3,Champions
17892,2011-10-14 16:49:00,3,244.10000000000002,56,2,3,1,Loyal Customers
15505,2011-10-18 07:56:00,5,3610.9600000000005,53,2,4,4,Loyal Customers
14459,2011-07-07 13:35:00,1,1837.9199999999996,155,1,1,4,Lost
18013,2011-07-07 14:11:00,2,187.29000000000005,155,1,2,1,Lost
13681,2011-11-22 11:13:00,4,827.83,18,4,3,3,Champions
13699,2011-07-07 16:51:00,1,308.58,155,1,1,2,Lost
14493,2011-12-02 16:14:00,5,2383.2400000000002,7,4,4,4,Champions
13486,2011-09-22 13:13:00,3,1122.4099999999999,78,2,3,3,Loyal Customers
13302,2011-07-07 17:56:00,1,63.75,155,1,1,1,Lost
16012,2011-11-04 13:25:00,3,1415.2899999999997,35,3,3,3,Champions
12635,2011-09-11 11:04:00,2,1689.18,90,2,2,4,Needs Attention
17031,2011-11-28 10:23:00,2,380.35,12,4,2,2,New / Promising
12461,2011-09-06 16:57:00,2,826.8800000000001,94,2,2,3,Needs Attention
12648,2011-07-08 11:55:00,1,318.05,155,1,1,2,Lost
18121,2011-07-13 12:53:00,2,673.1000000000001,149,1,2,2,Lost
15901,2011-11-23 12:43:00,3,363.8799999999999,17,4,3,2,Loyal Customers
14918,2011-08-16 11:50:00,2,1610.1499999999996,116,2,2,3,Needs Attention
15920,2011-07-08 15:31:00,4,167.49999999999997,154,1,3,1,At Risk
17353,2011-08-02 17:19:00,2,1740.0,129,2,2,4,Needs Attention
18024,2011-07-10 12:40:00,2,389.78000000000003,153,1,2,2,Lost
15467,2011-11-30 14:17:00,3,524.88,9,4,3,2,Loyal Customers
16174,2011-08-05 13:26:00,3,1009.5500000000001,126,2,3,3,Loyal Customers
13678,2011-07-11 10:14:00,1,232.60000000000005,152,1,1,1,Lost
14690,2011-10-26 15:39:00,2,371.7,44,3,2,2,New / Promising
13058,2011-11-15 12:43:00,3,271.4,25,3,3,1,Loyal Customers
14552,2011-07-11 12:49:00,1,165.07000000000005,152,1,1,1,Lost
12556,2011-10-20 13:06:00,2,603.7099999999997,50,3,2,2,New / Promising
13224,2011-10-10 14:55:00,2,2155.9499999999994,60,2,2,4,Needs Attention
16989,2011-12-02 16:39:00,6,1133.25,7,4,4,3,Champions
12358,2011-12-08 10:26:00,2,1168.06,2,4,2,3,New / Promising
13207,2011-11-24 14:52:00,2,250.26000000000002,15,4,2,1,New / Promising
18122,2011-12-01 13:08:00,6,1826.2100000000016,8,4,4,4,Champions
12722,2011-09-15 14:50:00,4,997.6299999999999,85,2,3,3,Loyal Customers
17405,2011-12-08 17:12:00,3,1031.41,1,4,3,3,Champions
13311,2011-12-05 12:55:00,2,598.57,4,4,2,2,New / Promising
15051,2011-11-16 15:38:00,3,1391.6100000000001,23,3,3,3,Champions
15895,2011-07-13 10:27:00,1,179.17,150,1,1,1,Lost
15795,2011-07-13 10:43:00,1,610.0100000000001,150,1,1,2,Lost
13669,2011-10-20 09:32:00,2,218.55,51,3,2,1,New / Promising
16450,2011-07-13 11:47:00,1,311.92,150,1,1,2,Lost
13667,2011-07-13 15:42:00,1,305.0199999999998,149,1,1,1,Lost
14400,2011-07-13 15:50:00,1,574.7,149,1,1,2,Lost
12405,2011-07-14 08:52:00,1,1710.3900000000006,149,1,1,4,Lost
14265,2011-08-22 13:32:00,2,530.18,109,2,2,2,Needs Attention
14847,2011-07-14 10:52:00,1,309.4,149,1,1,2,Lost
14862,2011-11-14 10:01:00,2,841.2000000000002,26,3,2,3,New / Promising
16488,2011-11-06 13:42:00,3,498.79999999999995,33,3,3,2,Loyal Customers
15256,2011-07-14 11:47:00,1,98.45,149,1,1,1,Lost
14716,2011-10-27 17:29:00,2,329.6799999999999,43,3,2,2,New / Promising
13933,2011-08-22 14:03:00,2,608.7899999999998,109,2,2,2,Needs Attention
14857,2011-10-11 09:23:00,2,1173.1199999999997,60,2,2,3,Needs Attention
15306,2011-10-06 12:56:00,3,1174.3499999999997,64,2,3,3,Loyal Customers
15839,2011-11-06 13:54:00,3,1048.4900000000002,33,3,3,3,Champions
13994,2011-12-06 11:05:00,6,2313.140000000001,4,4,4,4,Champions
17554,2011-12-08 14:15:00,5,1952.4499999999998,1,4,4,4,Champions
14332,2011-11-17 11:54:00,3,866.3099999999998,23,3,3,3,Champions
17266,2011-12-07 14:12:00,3,310.63999999999993,2,4,3,2,Loyal Customers
17948,2011-07-15 12:58:00,1,358.56000000000006,147,1,1,2,Lost
15004,2011-07-15 14:05:00,1,1246.3199999999995,147,1,1,3,Lost
14722,2011-07-15 14:58:00,1,187.91999999999996,147,1,1,1,Lost
13507,2011-12-06 13:13:00,4,2479.159999999999,3,4,3,4,Champions
13967,2011-07-17 12:02:00,1,80.7,146,1,1,1,Lost
16054,2011-07-17 13:08:00,1,783.8999999999999,145,1,1,3,Lost
12833,2011-07-17 13:46:00,1,417.37999999999994,145,1,1,2,Lost
16474,2011-12-02 13:02:00,7,1871.5000000000025,7,4,4,4,Champions
17984,2011-07-17 15:59:00,1,152.68000000000006,145,1,1,1,Lost
12589,2011-11-11 10:19:00,2,646.6800000000001,29,3,2,2,New / Promising
16762,2011-11-20 11:43:00,3,1501.3799999999997,20,3,3,3,Champions
13940,2011-11-22 15:15:00,4,839.1400000000002,17,4,3,3,Champions
14029,2011-10-07 14:46:00,2,467.65999999999997,63,2,2,2,Needs Attention
14117,2011-07-19 09:49:00,1,90.0,144,1,1,1,Lost
13167,2011-11-21 12:24:00,4,791.3300000000002,19,3,3,3,Champions
17779,2011-11-18 14:15:00,3,658.5699999999999,21,3,3,2,Loyal Customers
13991,2011-11-27 16:18:00,6,855.9699999999999,12,4,4,3,Champions
18101,2011-11-28 13:37:00,2,223.65,11,4,2,1,New / Promising
13827,2011-10-13 12:38:00,3,412.0499999999998,58,2,3,2,Loyal Customers
12560,2011-12-04 13:54:00,3,2134.01,5,4,3,4,Champions
16764,2011-12-06 11:41:00,13,2799.250000000002,4,4,4,4,Champions
18180,2011-12-05 08:39:00,6,1843.75,5,4,4,4,Champions
12521,2011-07-20 10:51:00,1,599.6800000000001,143,1,1,2,Lost
17866,2011-07-20 11:07:00,1,329.65,143,1,1,2,Lost
15802,2011-07-20 11:38:00,1,451.42,143,1,1,2,Lost
17229,2011-09-04 13:56:00,2,318.76000000000005,96,2,2,2,Needs Attention
14456,2011-12-04 13:59:00,9,3062.3999999999983,5,4,4,4,Champions
16464,2011-11-20 12:11:00,3,1314.6800000000003,20,3,3,3,Champions
17962,2011-07-20 14:16:00,1,102.82999999999998,142,2,1,1,Needs Attention
16149,2011-12-05 11:29:00,2,280.52000000000004,5,4,2,1,New / Promising
14259,2011-07-21 10:44:00,1,120.0,142,2,1,1,Needs Attention
18143,2011-08-15 12:07:00,2,1000.1599999999997,117,2,2,3,Needs Attention
17935,2011-07-24 13:18:00,2,145.79,138,2,2,1,Needs Attention
14517,2011-11-06 14:20:00,2,330.45,33,3,2,2,New / Promising
17694,2011-07-21 12:00:00,1,283.12000000000006,142,2,1,1,Needs Attention
17660,2011-07-21 13:37:00,1,196.0,141,2,1,1,Needs Attention
16041,2011-11-09 12:25:00,3,3166.4,31,3,3,4,Champions
15623,2011-07-21 17:26:00,1,301.03,141,2,1,1,Needs Attention
15829,2011-09-01 16:45:00,2,636.14,99,2,2,2,Needs Attention
15232,2011-08-18 16:27:00,2,612.0600000000001,113,2,2,2,Needs Attention
12438,2011-11-25 13:28:00,2,2906.8500000000004,14,4,2,4,New / Promising
12627,2011-11-29 12:07:00,7,4478.53,11,4,4,4,Champions
13079,2011-12-05 16:53:00,5,220.09999999999997,4,4,4,1,Loyal Customers
18262,2011-07-22 16:04:00,1,149.48,140,2,1,1,Needs Attention
13563,2011-09-16 14:45:00,2,777.5300000000001,84,2,2,3,Needs Attention
15506,2011-11-17 12:11:00,3,979.2600000000004,23,3,3,3,Champions
16305,2011-07-24 12:18:00,1,361.2199999999999,139,2,1,2,Needs Attention
12864,2011-07-24 13:03:00,1,147.12,138,2,1,1,Needs Attention
17724,2011-09-29 15:26:00,3,1033.0000000000002,71,2,3,3,Loyal Customers
17703,2011-11-04 15:51:00,3,798.7399999999999,35,3,3,3,Champions
13116,2011-07-24 14:33:00,1,501.14000000000004,138,2,1,2,Needs Attention
14019,2011-10-24 10:13:00,3,1421.6100000000004,47,3,3,3,Champions
17649,2011-07-24 15:53:00,1,868.49,138,2,1,3,Needs Attention
16178,2011-07-24 16:05:00,1,197.90000000000003,138,2,1,1,Needs Attention
17040,2011-07-25 10:19:00,1,449.7299999999999,138,2,1,2,Needs Attention
14100,2011-07-25 11:01:00,1,194.9,138,2,1,1,Needs Attention
16557,2011-11-15 14:04:00,2,281.84999999999997,24,3,2,1,New / Promising
13296,2011-07-25 13:46:00,1,87.4,137,2,1,1,Needs Attention
13814,2011-09-08 13:48:00,2,1579.1200000000001,92,2,2,3,Needs Attention
16364,2011-11-28 11:27:00,2,707.0399999999997,12,4,2,3,New / Promising
17693,2011-07-25 15:48:00,1,200.47,137,2,1,1,Needs Attention
15372,2011-07-25 16:39:00,1,2007.4,137,2,1,4,Needs Attention
15618,2011-11-07 08:34:00,4,776.8510000000002,33,3,3,3,Champions
13930,2011-10-13 09:45:00,2,337.3399999999999,58,2,2,2,Needs Attention
13379,2011-11-13 13:45:00,3,572.5599999999997,26,3,3,2,Loyal Customers
13194,2011-07-27 09:01:00,1,60.7,136,2,1,1,Needs Attention
16447,2011-07-27 12:45:00,1,259.0099999999998,136,2,1,1,Needs Attention
14305,2011-09-29 15:29:00,3,1858.9599999999998,71,2,3,4,Loyal Customers
12397,2011-11-04 09:52:00,2,2409.9000000000005,36,3,2,4,New / Promising
14331,2011-08-07 13:17:00,2,462.65999999999997,124,2,2,2,Needs Attention
15261,2011-07-27 15:20:00,1,254.82000000000002,135,2,1,1,Needs Attention
15105,2011-11-21 16:54:00,7,2298.930000000001,18,4,4,4,Champions
13813,2011-10-31 10:38:00,4,1366.8599999999994,40,3,3,3,Champions
14855,2011-08-12 14:02:00,2,645.6500000000001,119,2,2,2,Needs Attention
13925,2011-09-08 12:47:00,4,678.2499999999999,93,2,3,3,Loyal Customers
18237,2011-12-07 12:49:00,5,987.0999999999998,3,4,4,3,Champions
12453,2011-07-28 14:08:00,1,707.0899999999999,134,2,1,3,Needs Attention
15639,2011-07-28 14:30:00,1,425.31999999999994,134,2,1,2,Needs Attention
15118,2011-07-28 14:54:00,1,244.8,134,2,1,1,Needs Attention
15746,2011-07-28 15:21:00,1,196.87999999999997,134,2,1,1,Needs Attention
12743,2011-07-28 16:21:00,2,546.4299999999997,134,2,2,2,Needs Attention
18268,2011-07-28 19:13:00,1,25.5,134,2,1,1,Needs Attention
15942,2011-07-29 09:01:00,1,337.43999999999994,134,2,1,2,Needs Attention
14143,2011-07-29 09:48:00,1,115.8,134,2,1,1,Needs Attention
15120,2011-07-29 09:48:00,1,358.8199999999999,134,2,1,2,Needs Attention
16147,2011-07-29 09:57:00,1,375.0,134,2,1,2,Needs Attention
13277,2011-11-24 09:21:00,4,258.4,16,4,3,1,Loyal Customers
18127,2011-11-20 14:05:00,3,348.7299999999999,19,3,3,2,Loyal Customers
15149,2011-07-29 10:58:00,1,520.8,134,2,1,2,Needs Attention
18081,2011-11-03 16:30:00,3,343.45,36,3,3,2,Loyal Customers
14511,2011-11-28 17:05:00,5,1314.8099999999997,11,4,4,3,Champions
12716,2011-12-06 08:55:00,2,1053.4899999999996,4,4,2,3,New / Promising
15776,2011-07-29 13:46:00,1,241.62000000000003,133,2,1,1,Needs Attention
12981,2011-11-10 12:00:00,2,372.21999999999997,30,3,2,2,New / Promising
13106,2011-07-29 15:12:00,1,76.5,133,2,1,1,Needs Attention
13928,2011-11-29 10:33:00,4,464.56999999999994,11,4,3,2,Loyal Customers
14885,2011-07-31 12:05:00,1,765.3199999999999,132,2,1,3,Needs Attention
13388,2011-07-31 12:52:00,2,677.1000000000001,131,2,2,3,Needs Attention
15438,2011-07-31 14:19:00,1,156.57999999999998,131,2,1,1,Needs Attention
17173,2011-12-04 14:40:00,8,3766.5999999999985,5,4,4,4,Champions
17941,2011-08-01 08:30:00,1,304.56,131,2,1,1,Needs Attention
14947,2011-09-28 15:48:00,2,290.82000000000005,72,2,2,1,Needs Attention
17053,2011-08-01 10:23:00,1,498.47999999999996,131,2,1,2,Needs Attention
12534,2011-08-01 10:26:00,1,1089.18,131,2,1,3,Needs Attention
12844,2011-11-10 13:31:00,2,325.9599999999999,29,3,2,2,New / Promising
14567,2011-10-14 10:21:00,2,1530.3600000000006,57,2,2,3,Needs Attention
14937,2011-10-14 12:29:00,3,1621.88,57,2,3,3,Loyal Customers
12828,2011-12-07 08:45:00,6,1018.7100000000003,3,4,4,3,Champions
16984,2011-09-12 13:43:00,2,4481.349999999996,88,2,2,4,Needs Attention
13023,2011-10-06 16:27:00,2,689.9000000000001,64,2,2,3,Needs Attention
17553,2011-08-02 10:00:00,1,1487.6,130,2,1,3,Needs Attention
13075,2011-08-02 10:19:00,1,919.61,130,2,1,3,Needs Attention
15342,2011-08-02 10:19:00,1,406.0899999999999,130,2,1,2,Needs Attention
12644,2011-08-02 10:33:00,1,477.9100000000001,130,2,1,2,Needs Attention
12378,2011-08-02 10:34:00,1,4008.6200000000013,130,2,1,4,Needs Attention
17788,2011-09-27 10:09:00,2,1117.9,74,2,2,3,Needs Attention
13850,2011-08-02 14:04:00,1,1595.4799999999996,129,2,1,3,Needs Attention
14076,2011-08-02 15:19:00,1,122.46999999999997,129,2,1,1,Needs Attention
13805,2011-10-18 14:50:00,2,924.5999999999999,52,2,2,3,Needs Attention
17887,2011-08-02 17:29:00,1,111.35,129,2,1,1,Needs Attention
13186,2011-10-31 11:40:00,3,1575.8900000000003,40,3,3,3,Champions
12750,2011-08-03 09:13:00,1,275.88,129,2,1,1,Needs Attention
15374,2011-08-03 09:59:00,1,168.0,129,2,1,1,Needs Attention
17656,2011-09-27 13:04:00,5,1674.69,73,2,4,4,Loyal Customers
16102,2011-10-28 13:19:00,3,1842.1400000000003,42,3,3,4,Champions
15089,2011-11-29 16:31:00,6,2420.8400000000024,10,4,4,4,Champions
14972,2011-08-03 14:54:00,1,114.77000000000002,128,2,1,1,Needs Attention
17514,2011-08-03 15:45:00,1,208.65,128,2,1,1,Needs Attention
12917,2011-08-03 16:42:00,1,594.0,128,2,1,2,Needs Attention
12689,2011-11-14 08:31:00,2,1247.61,26,3,2,3,New / Promising
14768,2011-11-22 12:54:00,2,192.60000000000002,17,4,2,1,New / Promising
17584,2011-12-02 17:12:00,2,1242.3000000000002,7,4,2,3,New / Promising
15254,2011-08-04 15:04:00,1,300.36000000000007,127,2,1,1,Needs Attention
18099,2011-08-04 15:52:00,1,168.31000000000003,127,2,1,1,Needs Attention
15205,2011-09-15 19:36:00,2,653.2399999999999,85,2,2,2,Needs Attention
13218,2011-08-04 16:59:00,1,62.64,127,2,1,1,Needs Attention
17267,2011-08-04 17:22:00,2,317.61999999999995,127,2,2,2,Needs Attention
16302,2011-08-05 09:44:00,1,233.22,127,2,1,1,Needs Attention
13513,2011-08-05 11:50:00,1,205.09999999999997,127,2,1,1,Needs Attention
14720,2011-12-04 12:02:00,3,663.8100000000003,6,4,3,2,Loyal Customers
18282,2011-12-02 11:43:00,2,178.04999999999998,8,4,2,1,New / Promising
12610,2011-11-17 09:34:00,5,2099.540000000001,23,3,4,4,Champions
13200,2011-11-20 15:35:00,4,870.09,19,3,3,3,Champions
14079,2011-08-07 12:10:00,1,375.09999999999997,125,2,1,2,Needs Attention
17298,2011-08-30 16:43:00,2,498.42,101,2,2,2,Needs Attention
14024,2011-08-10 11:30:00,2,327.7,122,2,2,2,Needs Attention
16066,2011-11-23 11:54:00,5,1521.8700000000001,17,4,4,3,Champions
15198,2011-09-08 14:42:00,2,193.64,92,2,2,1,Needs Attention
12865,2011-11-13 14:31:00,2,1568.229999999999,26,3,2,3,New / Promising
12885,2011-10-07 13:40:00,3,1175.2199999999996,63,2,3,3,Loyal Customers
17331,2011-08-08 11:55:00,1,175.2,124,2,1,1,Needs Attention
13016,2011-09-27 14:08:00,3,789.8899999999996,73,2,3,3,Loyal Customers
13500,2011-11-16 15:35:00,3,1166.7700000000002,23,3,3,3,Champions
15247,2011-08-09 12:52:00,1,356.0,122,2,1,2,Needs Attention
13355,2011-08-09 14:48:00,1,674.7,122,2,1,3,Needs Attention
16053,2011-11-07 11:21:00,2,1511.9499999999996,33,3,2,3,New / Promising
13919,2011-10-11 14:24:00,2,384.81,59,2,2,2,Needs Attention
12384,2011-11-11 08:39:00,2,585.2700000000001,29,3,2,2,New / Promising
16292,2011-08-10 12:24:00,1,302.25,122,2,1,1,Needs Attention
12571,2011-10-31 10:19:00,2,519.6099999999999,40,3,2,2,New / Promising
14116,2011-11-20 10:29:00,5,1382.7400000000002,20,3,4,3,Champions
14495,2011-10-20 12:28:00,2,123.79999999999998,51,3,2,1,New / Promising
15494,2011-11-18 14:51:00,2,1299.230000000001,21,3,2,3,New / Promising
15608,2011-11-11 13:20:00,4,1093.68,28,3,3,3,Champions
17248,2011-08-11 13:34:00,1,318.65000000000003,120,2,1,2,Needs Attention
17653,2011-11-03 12:46:00,4,1207.5600000000002,37,3,3,3,Champions
17633,2011-11-08 13:25:00,4,1324.8399999999997,31,3,3,3,Champions
13645,2011-08-11 16:11:00,1,252.1,120,2,1,1,Needs Attention
15469,2011-10-20 16:21:00,2,538.55,50,3,2,2,New / Promising
13307,2011-08-11 17:14:00,1,15.0,120,2,1,1,Needs Attention
12381,2011-12-05 12:44:00,5,1845.3100000000006,5,4,4,4,Champions
17122,2011-08-12 14:33:00,1,138.32,119,2,1,1,Needs Attention
14406,2011-08-12 16:54:00,1,156.75,119,2,1,1,Needs Attention
15683,2011-08-14 12:56:00,1,193.75,117,2,1,1,Needs Attention
14301,2011-08-14 15:33:00,1,640.14,117,2,1,2,Needs Attention
14658,2011-12-04 15:35:00,2,247.14999999999998,5,4,2,1,New / Promising
13621,2011-08-15 08:26:00,1,213.85,117,2,1,1,Needs Attention
16272,2011-08-15 10:53:00,1,411.7000000000001,117,2,1,2,Needs Attention
17958,2011-08-15 12:19:00,1,508.4599999999999,117,2,1,2,Needs Attention
16836,2011-10-31 10:05:00,2,251.87,40,3,2,1,New / Promising
16961,2011-08-15 13:46:00,1,234.17,116,2,1,1,Needs Attention
16902,2011-08-15 14:17:00,1,1706.88,116,2,1,4,Needs Attention
15706,2011-10-07 10:09:00,4,1060.56,64,2,3,3,Loyal Customers
15480,2011-08-15 14:32:00,1,905.5,116,2,1,3,Needs Attention
15315,2011-10-06 12:51:00,2,570.5,64,2,2,2,Needs Attention
15653,2011-09-08 10:49:00,2,877.4399999999999,93,2,2,3,Needs Attention
13159,2011-12-01 11:20:00,4,1437.8500000000006,9,4,3,3,Champions
13189,2011-11-21 10:39:00,2,260.68,19,3,2,1,New / Promising
17637,2011-11-08 12:51:00,2,547.06,31,3,2,2,New / Promising
12641,2011-08-16 13:26:00,1,185.9,115,2,1,1,Needs Attention
13470,2011-09-01 14:57:00,2,165.0,99,2,2,1,Needs Attention
15786,2011-10-24 14:13:00,3,4932.2000000000035,46,3,3,4,Champions
15541,2011-08-17 14:58:00,1,85.13000000000002,114,2,1,1,Needs Attention
16734,2011-10-18 13:44:00,3,650.51,52,2,3,2,Loyal Customers
16706,2011-11-02 13:50:00,3,531.35,37,3,3,2,Loyal Customers
17070,2011-08-17 17:01:00,1,312.13999999999993,114,2,1,2,Needs Attention
12688,2011-08-18 08:49:00,1,4873.810000000005,114,2,1,4,Needs Attention
12729,2011-08-18 11:40:00,1,453.0100000000001,114,2,1,2,Needs Attention
12962,2011-12-02 15:55:00,2,266.39000000000004,7,4,2,1,New / Promising
13273,2011-08-18 14:02:00,1,138.97999999999996,113,2,1,1,Needs Attention
17736,2011-11-30 15:36:00,3,377.4399999999999,9,4,3,2,Loyal Customers
15472,2011-08-18 15:17:00,1,371.56,113,2,1,2,Needs Attention
12680,2011-12-09 12:50:00,4,862.81,1,4,3,3,Champions
16582,2011-08-18 17:02:00,1,313.61999999999995,113,2,1,2,Needs Attention
17747,2011-08-19 08:13:00,1,71.4,113,2,1,1,Needs Attention
12513,2011-08-19 10:51:00,1,612.2900000000001,113,2,1,2,Needs Attention
15396,2011-08-19 10:56:00,1,288.17999999999995,113,2,1,1,Needs Attention
12418,2011-08-19 11:08:00,1,668.5799999999997,113,2,1,2,Needs Attention
16828,2011-09-07 15:10:00,2,128.5,93,2,2,1,Needs Attention
14712,2011-11-10 12:59:00,3,917.07,29,3,3,3,Champions
12991,2011-11-16 15:34:00,2,503.76,23,3,2,2,New / Promising
14772,2011-08-19 15:04:00,1,139.26,112,2,1,1,Needs Attention
12364,2011-12-02 10:22:00,4,1313.1000000000001,8,4,3,3,Champions
12968,2011-08-19 15:44:00,1,135.95,112,2,1,1,Needs Attention
16330,2011-11-22 12:24:00,3,251.91,18,4,3,1,Loyal Customers
14566,2011-08-21 11:05:00,1,1432.0,111,2,1,3,Needs Attention
15701,2011-12-07 14:39:00,4,1542.14,2,4,3,3,Champions
12518,2011-12-09 10:13:00,5,2056.8899999999994,1,4,4,4,Champions
14529,2011-10-10 15:27:00,3,620.0399999999998,60,2,3,2,Loyal Customers
16536,2011-08-21 15:54:00,1,548.97,110,2,1,2,Needs Attention
15313,2011-08-21 16:02:00,1,52.0,110,2,1,1,Needs Attention
15801,2011-10-24 13:52:00,3,1063.9499999999998,46,3,3,3,Champions
16201,2011-12-06 16:02:00,4,1863.4699999999993,3,4,3,4,Champions
16555,2011-11-04 14:31:00,2,285.89,35,3,2,1,New / Promising
16952,2011-08-22 13:03:00,2,167.61,109,2,2,1,Needs Attention
14387,2011-11-07 12:29:00,3,1770.5600000000013,33,3,3,4,Champions
17073,2011-11-22 11:47:00,4,1446.09,18,4,3,3,Champions
18147,2011-10-25 11:46:00,2,179.33999999999997,46,3,2,1,New / Promising
14523,2011-08-23 13:13:00,1,241.09000000000003,108,2,1,1,Needs Attention
14418,2011-12-06 11:39:00,3,1937.2500000000002,4,4,3,4,Champions
12642,2011-11-14 15:03:00,3,1013.26,25,3,3,3,Champions
16968,2011-12-05 15:02:00,2,439.4300000000001,4,4,2,2,New / Promising
16723,2011-09-09 13:01:00,2,589.15,91,2,2,2,Needs Attention
13411,2011-08-24 13:57:00,1,213.55000000000004,107,2,1,1,Needs Attention
16340,2011-08-24 14:53:00,1,549.0699999999998,107,2,1,2,Needs Attention
13236,2011-11-15 12:50:00,2,744.8500000000003,25,3,2,3,New / Promising
14196,2011-08-25 10:25:00,1,335.52,107,2,1,2,Needs Attention
15263,2011-08-25 10:26:00,1,156.50999999999996,107,2,1,1,Needs Attention
14314,2011-08-25 10:39:00,1,120.0,107,2,1,1,Needs Attention
16093,2011-08-25 11:09:00,1,17.0,107,2,1,1,Needs Attention
17844,2011-08-25 11:27:00,1,51.56,107,2,1,1,Needs Attention
14687,2011-08-25 11:59:00,1,628.3799999999999,107,2,1,2,Needs Attention
14050,2011-11-08 10:00:00,2,746.3600000000001,32,3,2,3,New / Promising
16429,2011-08-25 13:54:00,1,284.55,106,2,1,1,Needs Attention
14055,2011-08-25 15:04:00,1,725.6400000000001,106,2,1,3,Needs Attention
12715,2011-08-25 15:22:00,1,353.85999999999996,106,2,1,2,Needs Attention
15663,2011-08-25 15:50:00,1,138.14000000000001,106,2,1,1,Needs Attention
18200,2011-08-25 18:45:00,1,163.8,106,2,1,1,Needs Attention
18167,2011-11-16 15:56:00,3,1384.86,23,3,3,3,Champions
13644,2011-11-23 14:07:00,4,2624.260000000001,16,4,3,4,Champions
17451,2011-12-08 15:02:00,7,1721.3999999999999,1,4,4,4,Champions
16641,2011-08-26 12:49:00,1,231.10000000000002,106,2,1,1,Needs Attention
13812,2011-10-28 14:27:00,3,538.9999999999999,42,3,3,2,Loyal Customers
14141,2011-12-07 09:53:00,4,915.1300000000002,3,4,3,3,Champions
15074,2011-08-26 14:45:00,1,748.8700000000002,105,2,1,3,Needs Attention
12492,2011-10-07 15:15:00,2,263.21,63,2,2,1,Needs Attention
17183,2011-12-02 10:07:00,6,3347.309999999999,8,4,4,4,Champions
15325,2011-08-28 11:55:00,1,162.2899999999999,104,2,1,1,Needs Attention
13778,2011-08-28 15:25:00,1,178.7,103,2,1,1,Needs Attention
14869,2011-12-01 12:36:00,2,725.7,9,4,2,3,New / Promising
14096,2011-12-05 17:17:00,17,65164.78999999966,4,4,4,4,Champions
14108,2011-11-09 10:41:00,2,597.9100000000001,31,3,2,2,New / Promising
12814,2011-08-30 12:11:00,1,125.92,102,2,1,1,Needs Attention
15866,2011-08-30 14:09:00,1,230.52999999999994,101,2,1,1,Needs Attention
14660,2011-09-14 11:34:00,2,285.73999999999995,87,2,2,1,Needs Attention
13726,2011-11-01 10:49:00,2,1079.6600000000003,39,3,2,3,New / Promising
15690,2011-12-05 15:59:00,2,239.76000000000002,4,4,2,1,New / Promising
17777,2011-11-15 12:02:00,3,665.86,25,3,3,2,Loyal Customers
16278,2011-08-31 17:12:00,1,566.3799999999999,100,2,1,2,Needs Attention
13276,2011-10-07 12:44:00,2,590.93,64,2,2,2,Needs Attention
12436,2011-09-01 12:09:00,1,509.01000000000005,100,2,1,2,Needs Attention
13147,2011-11-29 13:59:00,4,712.8000000000001,10,4,3,3,Champions
13045,2011-09-01 15:04:00,1,305.28,99,2,1,1,Needs Attention
13099,2011-09-01 17:40:00,1,207.35999999999999,99,2,1,1,Needs Attention
12739,2011-09-22 13:00:00,2,1013.0400000000001,78,2,2,3,Needs Attention
14420,2011-09-01 18:07:00,1,387.52,99,2,1,2,Needs Attention
14436,2011-09-02 10:13:00,1,89.06,99,2,1,1,Needs Attention
18027,2011-09-02 10:38:00,1,115.30999999999999,99,2,1,1,Needs Attention
12794,2011-10-17 14:54:00,2,860.4099999999999,53,2,2,3,Needs Attention
12832,2011-11-07 13:30:00,2,383.03000000000003,32,3,2,2,New / Promising
16674,2011-10-16 11:31:00,2,319.61000000000007,55,2,2,2,Needs Attention
12375,2011-11-29 10:36:00,2,457.5000000000001,11,4,2,2,New / Promising
16173,2011-11-24 10:53:00,6,1418.3199999999993,16,4,4,3,Champions
14171,2011-09-02 16:43:00,1,363.78999999999996,98,2,1,2,Needs Attention
13434,2011-09-26 14:30:00,2,534.24,74,2,2,2,Needs Attention
16761,2011-09-04 11:15:00,1,316.61999999999995,97,2,1,2,Needs Attention
14067,2011-10-07 10:21:00,2,374.69999999999993,64,2,2,2,Needs Attention
13808,2011-12-04 12:18:00,5,1747.66,6,4,4,4,Champions
15215,2011-10-24 11:41:00,3,734.94,47,3,3,3,Champions
12851,2011-09-04 12:41:00,1,135.17999999999995,97,2,1,1,Needs Attention
14335,2011-11-23 13:41:00,2,468.26,16,4,2,2,New / Promising
14965,2011-09-04 13:20:00,2,598.9999999999999,96,2,2,2,Needs Attention
15136,2011-12-07 12:26:00,4,1286.7000000000005,3,4,3,3,Champions
16629,2011-09-27 10:34:00,2,417.72999999999985,74,2,2,2,Needs Attention
18261,2011-10-27 15:36:00,2,324.23999999999995,43,3,2,2,New / Promising
15307,2011-09-05 11:38:00,1,205.3,96,2,1,1,Needs Attention
16820,2011-09-05 12:06:00,1,497.61000000000007,96,2,1,2,Needs Attention
17309,2011-09-05 15:20:00,1,82.75,95,2,1,1,Needs Attention
13949,2011-12-07 09:35:00,6,2427.3199999999974,3,4,4,4,Champions
14360,2011-11-08 09:12:00,4,2128.23,32,3,3,4,Champions
16400,2011-09-06 12:27:00,1,303.93,95,2,1,1,Needs Attention
14208,2011-09-06 12:48:00,1,151.73999999999998,95,2,1,1,Needs Attention
12526,2011-12-09 12:09:00,3,1316.6600000000005,1,4,3,3,Champions
13130,2011-09-06 15:30:00,1,64.0,94,2,1,1,Needs Attention
13210,2011-09-07 08:18:00,1,353.47999999999996,94,2,1,2,Needs Attention
17481,2011-12-06 12:28:00,4,1255.5900000000006,4,4,3,3,Champions
12685,2011-11-11 13:46:00,6,2863.0800000000004,28,3,4,4,Champions
17573,2011-11-10 13:01:00,3,380.59999999999997,29,3,3,2,Loyal Customers
14452,2011-11-29 12:06:00,2,264.44000000000005,11,4,2,1,New / Promising
13889,2011-09-08 09:13:00,1,416.9,93,2,1,2,Needs Attention
15488,2011-09-08 10:11:00,1,91.32000000000001,93,2,1,1,Needs Attention
18222,2011-09-08 10:45:00,1,443.0,93,2,1,2,Needs Attention
13244,2011-09-08 11:46:00,1,121.74000000000001,93,2,1,1,Needs Attention
17004,2011-10-24 14:25:00,2,1412.9399999999996,46,3,2,3,New / Promising
13441,2011-09-09 09:38:00,1,296.64000000000004,92,2,1,1,Needs Attention
13823,2011-11-21 10:22:00,2,957.6600000000001,19,3,2,3,New / Promising
12879,2011-10-26 12:24:00,3,573.22,45,3,3,2,Loyal Customers
16603,2011-09-26 10:06:00,2,482.47,75,2,2,2,Needs Attention
14824,2011-11-29 14:20:00,4,1127.7100000000003,10,4,3,3,Champions
16910,2011-12-05 12:51:00,8,1510.060000000002,4,4,4,3,Champions
15652,2011-09-09 14:22:00,1,337.74,91,2,1,2,Needs Attention
16362,2011-11-07 13:01:00,5,734.7699999999996,32,3,4,3,Champions
15035,2011-09-11 11:08:00,1,252.72999999999996,90,2,1,1,Needs Attention
14508,2011-11-17 19:48:00,2,276.41999999999996,22,3,2,1,New / Promising
13272,2011-11-08 14:00:00,2,276.56000000000006,31,3,2,1,New / Promising
17317,2011-10-24 17:19:00,3,2600.34,46,3,3,4,Champions
14212,2011-09-11 12:45:00,1,1070.48,90,2,1,3,Needs Attention
13372,2011-09-11 12:46:00,1,378.64,90,2,1,2,Needs Attention
18255,2011-09-11 13:16:00,1,103.3,89,2,1,1,Needs Attention
14250,2011-12-02 14:30:00,3,1904.0500000000002,7,4,3,4,Champions
16796,2011-09-11 14:01:00,1,305.62,89,2,1,1,Needs Attention
14432,2011-11-30 08:04:00,6,2255.5099999999984,10,4,4,4,Champions
15782,2011-11-30 10:49:00,3,2614.7400000000007,10,4,3,4,Champions
12883,2011-11-15 09:32:00,4,703.4700000000001,25,3,3,3,Champions
12965,2011-09-11 15:31:00,1,771.9099999999996,89,2,1,3,Needs Attention
15533,2011-11-20 15:35:00,3,807.5699999999997,19,3,3,3,Champions
18215,2011-09-11 16:05:00,1,299.34000000000003,89,2,1,1,Needs Attention
18158,2011-11-30 16:19:00,2,453.4000000000001,9,4,2,2,New / Promising
13375,2011-09-12 10:19:00,1,778.6499999999997,89,2,1,3,Needs Attention
13431,2011-10-03 13:49:00,2,1269.0999999999995,67,2,2,3,Needs Attention
16211,2011-09-12 12:11:00,1,547.02,89,2,1,2,Needs Attention
12884,2011-09-12 13:10:00,1,309.05000000000007,88,2,1,2,Needs Attention
16141,2011-09-12 13:11:00,1,620.4,88,2,1,2,Needs Attention
17919,2011-09-12 13:41:00,1,1304.04,88,2,1,3,Needs Attention
16360,2011-12-05 12:16:00,6,3512.5299999999997,5,4,4,4,Champions
17433,2011-09-12 14:24:00,1,303.16,88,2,1,1,Needs Attention
13704,2011-12-04 15:13:00,9,2308.0599999999986,5,4,4,4,Champions
14020,2011-11-23 09:22:00,2,642.8000000000001,17,4,2,2,New / Promising
14359,2011-11-20 13:17:00,3,912.1800000000002,19,3,3,3,Champions
16451,2011-09-13 09:17:00,1,266.97,88,2,1,1,Needs Attention
12940,2011-10-16 12:09:00,2,913.5400000000001,55,2,2,3,Needs Attention
15216,2011-09-13 11:41:00,1,96.6,88,2,1,1,Needs Attention
15522,2011-11-07 11:26:00,2,398.84,33,3,2,2,New / Promising
17037,2011-09-13 12:49:00,1,1267.3199999999997,88,2,1,3,Needs Attention
12822,2011-09-30 10:04:00,2,948.8799999999999,71,2,2,3,Needs Attention
15343,2011-09-13 13:55:00,1,364.5,87,2,1,2,Needs Attention
14753,2011-09-13 14:50:00,1,563.15,87,2,1,2,Needs Attention
16959,2011-09-13 15:03:00,1,117.35000000000001,87,2,1,1,Needs Attention
18251,2011-09-13 15:03:00,1,4314.719999999999,87,2,1,4,Needs Attention
13032,2011-10-18 15:54:00,2,1010.1799999999997,52,2,2,3,Needs Attention
12895,2011-10-28 13:51:00,2,372.79999999999995,42,3,2,2,New / Promising
17640,2011-09-14 09:13:00,1,621.6600000000001,87,2,1,2,Needs Attention
13860,2011-12-08 12:57:00,5,1245.9000000000003,1,4,4,3,Champions
12756,2011-09-14 09:31:00,1,112.08000000000001,87,2,1,1,Needs Attention
18001,2011-11-27 16:02:00,2,417.23,12,4,2,2,New / Promising
17728,2011-12-06 08:52:00,3,2876.010000000001,4,4,3,4,Champions
15933,2011-11-18 13:14:00,3,1107.4600000000003,21,3,3,3,Champions
14284,2011-11-09 08:11:00,2,595.2500000000001,31,3,2,2,New / Promising
17347,2011-09-14 13:12:00,1,228.96,86,2,1,1,Needs Attention
15103,2011-11-08 14:53:00,2,703.3599999999998,31,3,2,3,New / Promising
15707,2011-11-04 14:35:00,4,945.5799999999999,35,3,3,3,Champions
13430,2011-11-21 08:19:00,2,679.45,19,3,2,3,New / Promising
12566,2011-09-14 14:30:00,1,351.65000000000003,86,2,1,2,Needs Attention
13321,2011-09-28 15:24:00,2,567.36,72,2,2,2,Needs Attention
13877,2011-09-14 15:49:00,1,117.24000000000001,86,2,1,1,Needs Attention
15272,2011-10-13 12:59:00,2,721.9399999999998,57,2,2,3,Needs Attention
15322,2011-09-15 09:34:00,1,679.6799999999998,86,2,1,3,Needs Attention
17333,2011-09-15 10:11:00,1,494.24999999999994,86,2,1,2,Needs Attention
13518,2011-09-15 10:29:00,1,659.4399999999998,86,2,1,2,Needs Attention
14306,2011-10-19 13:23:00,2,2093.3199999999997,51,3,2,4,New / Promising
17679,2011-10-18 07:43:00,2,1992.1100000000006,53,2,2,4,Needs Attention
16160,2011-10-05 14:19:00,2,1025.4400000000005,65,2,2,3,Needs Attention
15573,2011-11-08 11:38:00,2,607.45,32,3,2,2,New / Promising
14894,2011-09-15 13:51:00,1,655.7499999999999,85,2,1,2,Needs Attention
17434,2011-12-07 13:16:00,7,2373.8200000000006,2,4,4,4,Champions
15466,2011-09-15 14:08:00,1,334.53000000000014,85,2,1,2,Needs Attention
15511,2011-11-28 09:43:00,5,909.2300000000001,12,4,4,3,Champions
17846,2011-09-15 15:20:00,1,2033.1,85,2,1,4,Needs Attention
16189,2011-11-24 11:47:00,2,215.47999999999996,16,4,2,1,New / Promising
15417,2011-09-15 15:26:00,1,508.8000000000001,85,2,1,2,Needs Attention
12995,2011-09-15 15:44:00,1,211.32,85,2,1,1,Needs Attention
14557,2011-09-15 15:48:00,1,788.3800000000001,85,2,1,3,Needs Attention
16108,2011-09-16 11:48:00,1,842.5,85,2,1,3,Needs Attention
17144,2011-12-08 17:57:00,2,984.5699999999998,1,4,2,3,New / Promising
16924,2011-11-18 12:53:00,3,846.7499999999998,21,3,3,3,Champions
15099,2011-09-16 13:13:00,1,410.48,84,2,1,2,Needs Attention
13323,2011-12-06 17:12:00,5,787.85,3,4,4,3,Champions
14124,2011-09-16 13:32:00,1,419.58000000000004,84,2,1,2,Needs Attention
15975,2011-09-16 13:33:00,1,371.01,84,2,1,2,Needs Attention
15523,2011-09-16 16:29:00,1,412.00999999999993,84,2,1,2,Needs Attention
16878,2011-09-16 17:39:00,1,13.3,84,2,1,1,Needs Attention
15947,2011-09-18 10:46:00,1,1708.2400000000002,83,2,1,4,Needs Attention
13247,2011-11-22 10:59:00,4,501.12,18,4,3,2,Loyal Customers
13566,2011-10-30 11:59:00,2,874.7099999999997,41,3,2,3,New / Promising
18194,2011-09-18 13:29:00,1,973.8399999999999,82,2,1,3,Needs Attention
16689,2011-09-25 11:39:00,2,422.59999999999997,76,2,2,2,Needs Attention
16438,2011-12-04 10:51:00,5,798.3499999999997,6,4,4,3,Champions
13067,2011-09-18 13:38:00,1,115.46000000000002,82,2,1,1,Needs Attention
16460,2011-11-11 13:46:00,3,814.7199999999996,28,3,3,3,Champions
13325,2011-09-19 10:36:00,1,675.3,82,2,1,3,Needs Attention
12640,2011-11-16 11:52:00,3,1174.58,24,3,3,3,Champions
13774,2011-09-19 12:06:00,1,344.99999999999994,82,2,1,2,Needs Attention
12497,2011-09-19 12:29:00,1,1043.1,82,2,1,3,Needs Attention
12752,2011-09-19 13:32:00,1,4366.779999999999,81,2,1,4,Needs Attention
15504,2011-09-19 13:45:00,1,52.83000000000001,81,2,1,1,Needs Attention
15500,2011-12-01 13:47:00,4,1131.5600000000004,8,4,3,3,Champions
17557,2011-11-25 12:57:00,3,541.4599999999999,14,4,3,2,Loyal Customers
13228,2011-09-19 14:28:00,1,358.0,81,2,1,2,Needs Attention
14356,2011-09-21 09:18:00,2,701.23,80,2,2,3,Needs Attention
13416,2011-10-27 08:56:00,2,712.5000000000001,44,3,2,3,New / Promising
17628,2011-09-19 15:21:00,1,75.75000000000001,81,2,1,1,Needs Attention
16527,2011-09-19 16:21:00,1,228.06000000000003,81,2,1,1,Needs Attention
15341,2011-09-20 09:40:00,1,2020.52,81,2,1,4,Needs Attention
16215,2011-09-20 10:18:00,1,242.35000000000002,81,2,1,1,Needs Attention
14164,2011-09-30 12:24:00,2,1631.7700000000002,71,2,2,3,Needs Attention
15888,2011-09-20 12:30:00,1,168.31,81,2,1,1,Needs Attention
17564,2011-11-15 13:27:00,3,454.0099999999999,24,3,3,2,Loyal Customers
13356,2011-09-20 14:33:00,1,768.2400000000001,80,2,1,3,Needs Attention
12390,2011-09-21 09:33:00,1,549.8399999999999,80,2,1,2,Needs Attention
18228,2011-10-14 09:21:00,2,779.9,57,2,3,3,Loyal Customers
17415,2011-09-21 12:50:00,1,507.8399999999999,80,2,1,2,Needs Attention
13350,2011-11-23 16:33:00,2,979.1199999999999,16,4,3,3,Champions
12550,2011-09-21 14:35:00,1,964.8299999999994,79,2,1,3,Needs Attention
16627,2011-09-21 14:38:00,1,322.8,79,2,1,2,Needs Attention
17475,2011-09-21 14:55:00,1,194.36999999999995,79,2,1,1,Needs Attention
14951,2011-09-21 15:15:00,1,311.69000000000005,79,2,1,2,Needs Attention
14780,2011-10-16 12:46:00,2,447.67999999999995,55,2,3,2,Loyal Customers
14887,2011-09-21 15:32:00,1,1862.0,79,2,1,4,Needs Attention
15399,2011-12-08 13:04:00,3,815.7699999999999,1,4,3,3,Champions
17466,2011-11-29 13:15:00,2,763.2800000000003,10,4,3,3,Champions
16379,2011-12-05 15:38:00,4,2157.400000000001,4,4,3,4,Champions
17172,2011-09-22 09:36:00,1,317.76,79,2,1,2,Needs Attention
15239,2011-11-29 14:14:00,2,780.59,10,4,3,3,Champions
16213,2011-09-22 10:03:00,1,159.0,79,2,1,1,Needs Attention
15603,2011-09-22 10:04:00,1,48.480000000000004,79,2,1,1,Needs Attention
14261,2011-10-20 10:04:00,2,1163.4499999999998,51,3,3,3,Champions
12657,2011-11-28 15:47:00,4,1643.18,11,4,3,3,Champions
15571,2011-11-28 10:02:00,4,650.43,12,4,3,2,Loyal Customers
15484,2011-12-08 15:03:00,4,3594.3099999999995,1,4,3,4,Champions
12936,2011-11-22 17:32:00,4,1063.9000000000005,17,4,3,3,Champions
16236,2011-09-22 14:10:00,1,432.19999999999993,78,2,1,2,Needs Attention
16669,2011-11-16 12:26:00,3,1374.8700000000003,24,3,3,3,Champions
17603,2011-09-22 14:18:00,1,394.72,78,2,1,2,Needs Attention
15398,2011-11-23 16:47:00,2,1345.5299999999997,16,4,3,3,Champions
12906,2011-11-28 09:55:00,5,2919.809999999999,12,4,4,4,Champions
17079,2011-09-22 15:34:00,1,118.80000000000001,78,2,1,1,Needs Attention
14125,2011-11-29 12:47:00,3,2740.4300000000017,11,4,3,4,Champions
17163,2011-11-18 08:57:00,2,293.1,22,3,3,1,Loyal Customers
12952,2011-12-04 10:35:00,4,1387.7900000000004,6,4,3,3,Champions
12579,2011-09-22 17:15:00,1,440.41999999999996,78,2,1,2,Needs Attention
13279,2011-09-22 17:24:00,1,137.75,78,2,1,1,Needs Attention
12425,2011-09-22 17:31:00,1,777.1999999999999,78,2,1,3,Needs Attention
16715,2011-09-22 18:15:00,1,301.71999999999997,78,2,1,1,Needs Attention
13519,2011-09-22 18:24:00,1,122.75,78,2,1,1,Needs Attention
12546,2011-10-24 12:09:00,2,1161.5,47,3,3,3,Champions
15744,2011-09-23 09:52:00,1,34.8,78,2,1,1,Needs Attention
13127,2011-09-23 10:26:00,1,259.16999999999996,78,2,1,1,Needs Attention
15714,2011-11-28 11:26:00,2,330.8799999999998,12,4,3,2,Loyal Customers
17480,2011-09-23 11:39:00,1,511.82,78,2,1,2,Needs Attention
15763,2011-11-08 09:44:00,2,1086.9200000000003,32,3,3,3,Champions
15075,2011-09-23 12:27:00,1,773.0300000000002,78,2,1,3,Needs Attention
16978,2011-09-23 12:50:00,1,344.33,78,2,1,2,Needs Attention
14014,2011-09-23 13:18:00,1,505.18000000000006,77,2,1,2,Needs Attention
16240,2011-11-15 14:30:00,2,3718.800000000001,24,3,3,4,Champions
13336,2011-09-23 14:05:00,1,795.12,77,2,1,3,Needs Attention
14652,2011-09-23 14:21:00,1,114.18000000000002,77,2,1,1,Needs Attention
15807,2011-10-20 14:10:00,3,903.9000000000001,50,3,3,3,Champions
15762,2011-10-05 16:15:00,2,583.75,65,2,3,2,Loyal Customers
15475,2011-09-23 15:20:00,1,454.10999999999984,77,2,1,2,Needs Attention
15978,2011-09-23 15:21:00,1,1098.7800000000002,77,2,1,3,Needs Attention
16485,2011-09-23 15:50:00,1,363.65,77,2,1,2,Needs Attention
12488,2011-11-30 08:50:00,3,1298.6599999999999,10,4,3,3,Champions
13083,2011-12-05 15:01:00,2,303.75,4,4,3,1,Loyal Customers
16169,2011-12-01 15:28:00,4,1822.9700000000003,8,4,3,4,Champions
17506,2011-09-25 11:39:00,1,302.2,76,2,1,1,Needs Attention
16480,2011-09-25 11:40:00,1,769.2899999999995,76,2,1,3,Needs Attention
17006,2011-12-05 12:09:00,4,781.7800000000001,5,4,3,3,Champions
17498,2011-09-25 12:25:00,1,272.21999999999997,76,2,1,1,Needs Attention
17131,2011-12-04 12:52:00,5,2463.170000000001,5,4,4,4,Champions
13536,2011-12-08 16:38:00,7,3448.2899999999986,1,4,4,4,Champions
15429,2011-11-13 12:28:00,2,397.3499999999998,27,3,3,2,Loyal Customers
17154,2011-09-25 13:42:00,1,329.34000000000003,75,2,1,2,Needs Attention
16594,2011-09-25 14:08:00,1,181.08999999999997,75,2,1,1,Needs Attention
16049,2011-10-30 13:19:00,3,1111.7899999999993,40,3,3,3,Champions
14757,2011-09-25 14:36:00,1,420.5,75,2,1,2,Needs Attention
16198,2011-09-25 14:58:00,1,400.681,75,2,1,2,Needs Attention
13670,2011-09-25 15:25:00,1,349.70000000000016,75,2,1,2,Needs Attention
18066,2011-09-25 15:30:00,1,318.0,75,2,1,2,Needs Attention
14806,2011-09-25 15:32:00,1,193.39000000000004,75,2,1,1,Needs Attention
12783,2011-12-07 15:56:00,6,2225.91,2,4,4,4,Champions
13429,2011-11-29 09:10:00,4,1006.8000000000001,11,4,3,3,Champions
15154,2011-09-25 16:05:00,1,296.41999999999996,75,2,1,1,Needs Attention
13390,2011-09-26 08:38:00,1,544.0799999999999,75,2,1,2,Needs Attention
12925,2011-12-05 11:11:00,2,694.0499999999998,5,4,3,3,Champions
13927,2011-09-26 12:00:00,1,348.99,75,2,1,2,Needs Attention
18205,2011-11-03 13:22:00,2,517.36,36,3,3,2,Loyal Customers
14908,2011-09-26 12:56:00,1,277.79999999999995,74,2,1,1,Needs Attention
13639,2011-09-26 13:36:00,1,1033.3400000000001,74,2,1,3,Needs Attention
15958,2011-09-26 13:41:00,1,104.35,74,2,1,1,Needs Attention
15492,2011-11-11 14:53:00,2,659.4599999999999,28,3,3,2,Loyal Customers
15243,2011-09-26 14:12:00,1,316.68,74,2,1,2,Needs Attention
16468,2011-09-26 14:13:00,1,74.9,74,2,1,1,Needs Attention
15344,2011-12-09 10:45:00,3,563.94,1,4,3,2,Loyal Customers
13866,2011-09-26 14:54:00,1,145.67,74,2,1,1,Needs Attention
12612,2011-09-26 15:35:00,1,704.0400000000001,74,2,1,3,Needs Attention
16999,2011-11-16 13:53:00,2,484.82000000000005,23,3,3,2,Loyal Customers
13514,2011-09-27 09:39:00,1,152.20000000000002,74,2,1,1,Needs Attention
13314,2011-12-08 12:29:00,3,775.9400000000002,2,4,3,3,Champions
17805,2011-09-27 11:49:00,1,512.31,74,2,1,2,Needs Attention
18278,2011-09-27 11:58:00,1,173.89999999999998,74,2,1,1,Needs Attention
13979,2011-09-27 13:32:00,1,869.8700000000001,73,2,1,3,Needs Attention
16181,2011-09-27 13:38:00,1,305.5400000000001,73,2,1,1,Needs Attention
15568,2011-12-07 11:27:00,3,758.2899999999998,3,4,3,3,Champions
16354,2011-10-07 14:28:00,2,395.79999999999995,63,2,3,2,Loyal Customers
14412,2011-10-28 10:45:00,2,770.0300000000002,43,3,3,3,Champions
16119,2011-12-01 15:11:00,2,423.36,8,4,3,2,Loyal Customers
14109,2011-09-28 10:18:00,1,144.2,73,2,1,1,Needs Attention
16157,2011-11-24 11:41:00,3,656.6899999999999,16,4,3,2,Loyal Customers
15348,2011-09-28 13:17:00,1,158.03999999999996,72,2,1,1,Needs Attention
16281,2011-09-28 14:57:00,1,2062.06,72,2,1,4,Needs Attention
13924,2011-12-08 09:39:00,6,1838.8500000000001,2,4,4,4,Champions
14434,2011-11-18 08:56:00,6,1372.8,22,3,4,3,Champions
13061,2011-09-28 16:04:00,1,248.61,72,2,1,1,Needs Attention
17513,2011-09-28 16:42:00,1,513.2,72,2,1,2,Needs Attention
16909,2011-09-28 16:45:00,1,379.14000000000004,72,2,1,2,Needs Attention
16650,2011-09-29 09:51:00,1,518.4200000000001,72,2,1,2,Needs Attention
18192,2011-09-29 09:53:00,1,957.9699999999999,72,2,1,3,Needs Attention
17447,2011-10-30 14:18:00,2,541.53,40,3,3,2,Loyal Customers
17427,2011-09-29 11:29:00,1,100.8,72,2,1,1,Needs Attention
15175,2011-09-29 11:31:00,1,224.14000000000007,72,2,1,1,Needs Attention
13960,2011-11-18 15:27:00,2,230.22,21,3,3,1,Loyal Customers
17528,2011-12-08 13:27:00,8,3628.5000000000014,1,4,4,4,Champions
16361,2011-11-30 12:32:00,4,896.6600000000001,10,4,3,3,Champions
13886,2011-09-29 13:17:00,1,243.56000000000003,71,2,1,1,Needs Attention
13354,2011-09-29 13:17:00,1,743.5300000000003,71,2,1,3,Needs Attention
15050,2011-11-14 16:17:00,3,1782.0900000000004,25,3,3,4,Champions
13503,2011-09-29 13:23:00,1,216.84999999999997,71,2,1,1,Needs Attention
16653,2011-11-23 14:51:00,2,1212.6600000000005,16,4,3,3,Champions
16574,2011-09-29 13:39:00,1,451.43999999999977,71,2,1,2,Needs Attention
13759,2011-11-06 14:47:00,2,659.41,33,3,3,2,Loyal Customers
17813,2011-11-25 16:13:00,5,1770.8800000000026,14,4,4,4,Champions
12718,2011-09-29 16:38:00,1,238.25000000000003,71,2,1,1,Needs Attention
15949,2011-11-23 09:09:00,2,364.7199999999999,17,4,3,2,Loyal Customers
12703,2011-09-29 17:52:00,1,283.54999999999995,71,2,1,1,Needs Attention
13364,2011-09-29 18:13:00,1,134.96,71,2,1,1,Needs Attention
16268,2011-09-29 18:30:00,2,667.6499999999999,71,2,3,2,Loyal Customers
18053,2011-09-30 09:05:00,1,300.02000000000004,71,2,1,1,Needs Attention
16101,2011-09-30 10:18:00,1,1290.7,71,2,1,3,Needs Attention
15565,2011-10-20 14:33:00,2,173.15999999999997,50,3,3,1,Loyal Customers
18217,2011-11-10 13:18:00,2,621.75,29,3,3,2,Loyal Customers
13954,2011-12-08 12:50:00,2,439.92,2,4,3,2,Loyal Customers
15593,2011-09-30 11:46:00,1,199.8,71,2,1,1,Needs Attention
13095,2011-09-30 12:03:00,1,74.4,71,2,1,1,Needs Attention
15287,2011-11-17 15:34:00,2,486.69,22,3,3,2,Loyal Customers
13347,2011-09-30 13:28:00,1,341.36,70,2,1,2,Needs Attention
15185,2011-09-30 14:06:00,1,310.62000000000006,70,2,1,2,Needs Attention
16404,2011-09-30 14:55:00,1,443.0500000000001,70,2,1,2,Needs Attention
16613,2011-09-30 15:52:00,1,618.59,70,2,1,2,Needs Attention
16591,2011-10-02 10:43:00,1,213.5,69,2,1,1,Needs Attention
15774,2011-10-02 12:04:00,1,270.8,69,2,1,1,Needs Attention
13558,2011-12-04 11:24:00,4,605.0599999999998,6,4,3,2,Loyal Customers
16930,2011-11-13 16:13:00,3,380.55000000000007,26,3,3,2,Loyal Customers
16533,2011-11-20 13:08:00,3,1095.5600000000006,19,3,3,3,Champions
18059,2011-11-16 16:49:00,3,306.46,23,3,3,1,Loyal Customers
14488,2011-10-03 09:30:00,1,1064.2800000000002,68,2,1,3,Needs Attention
16747,2011-11-02 11:37:00,2,836.0600000000001,38,3,3,3,Champions
14333,2011-10-03 10:38:00,1,415.2,68,2,1,2,Needs Attention
13635,2011-10-03 10:55:00,1,1071.0300000000002,68,2,1,3,Needs Attention
17330,2011-11-17 08:56:00,2,363.9,23,3,3,2,Loyal Customers
17321,2011-12-01 13:41:00,2,700.8599999999999,8,4,3,3,Champions
14815,2011-11-03 11:36:00,2,778.5,37,3,3,3,Champions
15091,2011-10-03 12:47:00,1,480.71,68,2,1,2,Needs Attention
15088,2011-11-18 13:14:00,2,1160.07,21,3,3,3,Champions
15930,2011-10-03 14:52:00,1,426.63000000000017,67,2,1,2,Needs Attention
16183,2011-10-03 14:59:00,1,338.7100000000001,67,2,1,2,Needs Attention
13297,2011-12-02 09:32:00,4,2089.8500000000004,8,4,3,4,Champions
13801,2011-10-04 10:15:00,1,324.79999999999995,67,2,1,2,Needs Attention
16881,2011-10-04 10:33:00,1,432.0,67,2,1,2,Needs Attention
17014,2011-12-01 14:09:00,3,586.3299999999998,8,4,3,2,Loyal Customers
15255,2011-10-04 12:43:00,1,890.8499999999999,67,2,1,3,Needs Attention
14184,2011-10-04 12:43:00,1,452.89,67,2,1,2,Needs Attention
13351,2011-10-04 12:55:00,1,373.94,66,2,1,2,Needs Attention
15739,2011-10-04 13:42:00,1,449.12000000000006,66,2,1,2,Needs Attention
12512,2011-10-04 14:55:00,2,138.03000000000006,66,2,3,1,Loyal Customers
17957,2011-10-04 14:58:00,1,111.67999999999998,66,2,1,1,Needs Attention
15276,2011-10-04 16:39:00,1,135.31000000000003,66,2,1,1,Needs Attention
15127,2011-10-05 10:30:00,1,406.53000000000003,66,2,1,2,Needs Attention
16106,2011-10-05 10:37:00,1,108.38,66,2,1,1,Needs Attention
17666,2011-12-06 09:06:00,2,728.1599999999999,4,4,3,3,Champions
13483,2011-10-05 11:53:00,1,140.34000000000003,66,2,1,1,Needs Attention
16478,2011-11-14 15:51:00,3,331.0,25,3,3,2,Loyal Customers
17382,2011-10-05 13:05:00,1,65.4,65,2,1,1,Needs Attention
12789,2011-10-05 13:34:00,1,91.85000000000001,65,2,1,1,Needs Attention
16020,2011-11-23 11:18:00,3,851.0100000000001,17,4,3,3,Champions
17222,2011-10-05 13:58:00,1,354.15,65,2,1,2,Needs Attention
16803,2011-10-05 14:28:00,1,332.29999999999995,65,2,1,2,Needs Attention
13947,2011-10-05 14:42:00,1,90.6,65,2,1,1,Needs Attention
16758,2011-10-05 14:47:00,1,369.34,65,2,1,2,Needs Attention
12719,2011-12-04 13:45:00,2,644.9499999999999,5,4,3,2,Loyal Customers
17647,2011-10-05 15:38:00,1,133.06,65,2,1,1,Needs Attention
14054,2011-10-05 15:49:00,1,92.46,65,2,1,1,Needs Attention
12723,2011-12-06 10:19:00,5,725.0699999999998,4,4,4,3,Champions
18033,2011-10-05 17:28:00,1,97.97000000000004,65,2,1,1,Needs Attention
13845,2011-10-06 08:25:00,1,312.98,65,2,1,2,Needs Attention
15837,2011-10-06 09:01:00,1,391.97999999999996,65,2,1,2,Needs Attention
12628,2011-12-05 13:15:00,3,786.4599999999998,4,4,3,3,Champions
13177,2011-10-06 09:56:00,1,282.45,65,2,1,1,Needs Attention
14317,2011-10-06 10:44:00,1,508.58,65,2,1,2,Needs Attention
16295,2011-11-30 08:17:00,4,1328.5500000000004,10,4,3,3,Champions
13602,2011-10-06 11:47:00,1,428.88999999999993,65,2,1,2,Needs Attention
16895,2011-10-06 12:15:00,1,219.13999999999996,65,2,1,1,Needs Attention
17295,2011-11-11 10:49:00,3,556.9499999999997,29,3,3,2,Loyal Customers
13504,2011-10-06 13:20:00,1,295.93,64,2,1,1,Needs Attention
13422,2011-10-06 13:42:00,1,2626.3000000000006,64,2,1,4,Needs Attention
15264,2011-10-06 13:49:00,1,393.74000000000007,64,2,1,2,Needs Attention
16432,2011-10-06 13:59:00,1,287.4,64,2,1,1,Needs Attention
13816,2011-11-16 08:38:00,2,571.6700000000001,24,3,3,2,Loyal Customers
14518,2011-10-06 14:43:00,1,174.37,64,2,1,1,Needs Attention
13882,2011-12-07 11:16:00,5,1191.1299999999999,3,4,4,3,Champions
15937,2011-10-06 15:48:00,1,145.35,64,2,1,1,Needs Attention
12923,2011-10-06 16:20:00,1,176.97,64,2,1,1,Needs Attention
16454,2011-10-26 11:40:00,2,6.9,45,3,3,1,Loyal Customers
17453,2011-11-22 09:42:00,2,486.71999999999997,18,4,3,2,Loyal Customers
15766,2011-10-06 17:03:00,1,315.05999999999995,64,2,1,2,Needs Attention
15300,2011-10-06 17:08:00,1,496.4399999999999,64,2,1,2,Needs Attention
13348,2011-10-06 17:28:00,1,233.76,64,2,1,1,Needs Attention
14592,2011-11-04 16:35:00,3,570.4599999999998,35,3,3,2,Loyal Customers
17030,2011-10-07 08:49:00,1,146.87,64,2,1,1,Needs Attention
12420,2011-10-07 08:55:00,1,600.3900000000001,64,2,1,2,Needs Attention
14427,2011-10-20 14:23:00,2,363.34000000000003,50,3,3,2,Loyal Customers
14792,2011-10-07 09:19:00,1,6.2,64,2,1,1,Needs Attention
12519,2011-10-07 09:26:00,1,340.84,64,2,1,2,Needs Attention
13359,2011-10-07 09:30:00,1,439.55999999999995,64,2,1,2,Needs Attention
14138,2011-12-08 12:44:00,2,982.3800000000005,2,4,3,3,Champions
15297,2011-11-29 16:32:00,3,641.94,10,4,3,2,Loyal Customers
13876,2011-10-07 10:22:00,1,122.69999999999999,64,2,1,1,Needs Attention
12740,2011-10-07 10:44:00,1,427.5999999999999,64,2,1,2,Needs Attention
17086,2011-12-02 13:54:00,6,2050.079999999999,7,4,4,4,Champions
13806,2011-10-07 11:43:00,1,256.38,64,2,1,1,Needs Attention
18096,2011-11-28 12:44:00,3,911.1500000000001,12,4,3,3,Champions
13587,2011-10-07 12:31:00,1,712.4,64,2,1,3,Needs Attention
12856,2011-12-02 10:52:00,6,2179.9300000000007,8,4,4,4,Champions
13419,2011-10-07 12:49:00,1,221.05999999999995,64,2,1,1,Needs Attention
17509,2011-10-13 10:26:00,8,6115.140000000001,58,2,4,4,Loyal Customers
16900,2011-11-23 10:32:00,3,887.1100000000005,17,4,3,3,Champions
13689,2011-10-07 13:21:00,1,910.0,63,2,1,3,Needs Attention
13763,2011-10-07 15:13:00,1,1714.9599999999998,63,2,1,4,Needs Attention
13755,2011-12-06 12:26:00,9,2161.3500000000013,4,4,4,4,Champions
16104,2011-10-09 10:23:00,1,302.36,62,2,1,1,Needs Attention
13259,2011-10-09 10:48:00,1,292.3199999999999,62,2,1,1,Needs Attention
16248,2011-10-09 11:32:00,1,152.94,62,2,1,1,Needs Attention
15612,2011-11-03 14:52:00,2,195.15,36,3,3,1,Loyal Customers
15787,2011-11-13 14:55:00,3,948.0500000000001,26,3,3,3,Champions
16595,2011-10-09 13:15:00,1,360.1600000000003,61,2,1,2,Needs Attention
13260,2011-10-09 13:21:00,1,557.6200000000001,61,2,1,2,Needs Attention
15821,2011-10-26 15:48:00,2,570.96,44,3,3,2,Loyal Customers
18088,2011-10-09 13:41:00,1,167.66999999999996,61,2,1,1,Needs Attention
16685,2011-10-09 13:58:00,2,324.24,61,2,3,2,Loyal Customers
13193,2011-10-09 14:30:00,1,117.88000000000001,61,2,1,1,Needs Attention
13212,2011-11-20 12:40:00,3,788.0799999999998,20,3,3,3,Champions
14801,2011-10-09 15:24:00,1,193.1399999999999,61,2,1,1,Needs Attention
16380,2011-10-09 15:40:00,1,1780.5900000000001,61,2,1,4,Needs Attention
16921,2011-10-09 16:22:00,1,169.79000000000005,61,2,1,1,Needs Attention
15193,2011-10-10 08:23:00,1,499.32,61,2,1,2,Needs Attention
14027,2011-10-10 09:01:00,1,104.82000000000002,61,2,1,1,Needs Attention
16179,2011-10-10 09:41:00,1,215.83,61,2,1,1,Needs Attention
15473,2011-11-25 15:15:00,7,1771.2,14,4,4,4,Champions
17425,2011-11-20 15:30:00,2,759.1699999999995,19,3,3,3,Champions
18169,2011-10-10 12:18:00,1,202.65000000000003,61,2,1,1,Needs Attention
18126,2011-10-10 12:19:00,1,206.83000000000007,61,2,1,1,Needs Attention
16688,2011-12-08 15:24:00,4,1260.8600000000001,1,4,3,3,Champions
16982,2011-10-10 12:28:00,1,384.06,61,2,1,2,Needs Attention
15330,2011-11-07 17:50:00,2,714.96,32,3,3,3,Champions
17186,2011-10-24 10:20:00,2,144.0,47,3,3,1,Loyal Customers
13685,2011-12-07 11:41:00,7,3119.4400000000014,3,4,4,4,Champions
16776,2011-10-10 13:04:00,1,388.2799999999999,60,2,1,2,Needs Attention
13980,2011-10-10 13:34:00,1,200.14000000000001,60,2,1,1,Needs Attention
13352,2011-10-10 13:55:00,1,397.9800000000001,60,2,1,2,Needs Attention
15553,2011-10-10 14:02:00,1,437.22999999999985,60,2,1,2,Needs Attention
15886,2011-10-10 14:25:00,1,181.09,60,2,1,1,Needs Attention
17203,2011-11-04 12:27:00,6,3563.8499999999995,36,3,4,4,Champions
12607,2011-10-10 16:06:00,1,1579.51,60,2,1,3,Needs Attention
17459,2011-10-27 13:25:00,2,657.3,43,3,3,2,Loyal Customers
12772,2011-10-11 09:19:00,1,892.4700000000004,60,2,1,3,Needs Attention
16561,2011-12-04 11:50:00,2,511.12000000000006,6,4,3,2,Loyal Customers
14121,2011-12-06 12:19:00,4,2780.1499999999996,4,4,3,4,Champions
12371,2011-10-26 10:16:00,2,1887.9600000000003,45,3,3,4,Champions
17119,2011-12-06 14:40:00,2,606.91,3,4,3,2,Loyal Customers
17620,2011-10-11 12:08:00,1,81.44,60,2,1,1,Needs Attention
12824,2011-10-11 12:49:00,1,397.11999999999995,60,2,1,2,Needs Attention
14710,2011-11-25 14:53:00,4,606.1300000000002,14,4,3,2,Loyal Customers
16120,2011-10-11 14:22:00,4,1309.14,59,2,3,3,Loyal Customers
14624,2011-10-13 13:44:00,2,225.84999999999997,57,2,3,1,Loyal Customers
16171,2011-10-11 14:51:00,1,73.2,59,2,1,1,Needs Attention
12536,2011-10-27 14:20:00,3,12601.830000000005,43,3,3,4,Champions
13690,2011-10-11 15:03:00,1,172.25,59,2,1,1,Needs Attention
17934,2011-10-19 11:16:00,2,704.25,52,2,3,3,Loyal Customers
14642,2011-10-12 11:08:00,1,96.12,59,2,1,1,Needs Attention
12602,2011-10-12 11:22:00,1,153.12000000000003,59,2,1,1,Needs Attention
16753,2011-10-12 13:14:00,1,223.92,58,2,1,1,Needs Attention
17737,2011-11-30 15:16:00,2,168.24,9,4,3,1,Loyal Customers
13464,2011-10-12 15:01:00,1,674.6800000000002,58,2,1,3,Needs Attention
18277,2011-10-12 15:22:00,1,110.38,58,2,1,1,Needs Attention
12667,2011-10-12 17:00:00,1,620.13,58,2,1,2,Needs Attention
12498,2011-11-18 12:53:00,3,403.7,21,3,3,2,Loyal Customers
14537,2011-10-13 10:54:00,1,355.5600000000001,58,2,1,2,Needs Attention
17279,2011-10-13 11:58:00,1,187.82999999999998,58,2,1,1,Needs Attention
14251,2011-12-08 08:32:00,5,2879.7000000000003,2,4,4,4,Champions
12446,2011-10-13 12:50:00,1,1002.3099999999998,58,2,1,3,Needs Attention
12631,2011-10-13 13:53:00,1,640.5000000000002,57,2,1,2,Needs Attention
14234,2011-11-17 17:53:00,4,775.4600000000004,22,3,3,3,Champions
14975,2011-10-13 14:08:00,1,279.94,57,2,1,1,Needs Attention
13853,2011-10-13 14:18:00,1,1090.14,57,2,1,3,Needs Attention
16773,2011-10-13 14:37:00,1,171.59,57,2,1,1,Needs Attention
16430,2011-10-13 14:47:00,1,300.85,57,2,1,1,Needs Attention
16793,2011-10-13 15:08:00,1,243.83999999999997,57,2,1,1,Needs Attention
18130,2011-11-24 14:40:00,3,1059.3900000000003,15,4,3,3,Champions
17614,2011-10-13 16:01:00,1,390.0699999999999,57,2,1,2,Needs Attention
13858,2011-10-13 16:17:00,1,216.16999999999996,57,2,1,1,Needs Attention
14856,2011-11-03 14:53:00,3,1311.3800000000006,36,3,3,3,Champions
14089,2011-10-14 10:38:00,1,161.0,57,2,1,1,Needs Attention
15478,2011-10-30 14:19:00,2,1441.4199999999996,40,3,3,3,Champions
16413,2011-10-14 12:08:00,1,262.20000000000005,57,2,1,1,Needs Attention
13810,2011-11-11 08:33:00,3,1499.01,29,3,3,3,Champions
16416,2011-11-13 12:50:00,3,1051.3999999999999,27,3,3,3,Champions
13006,2011-10-14 13:49:00,1,81.57,56,2,1,1,Needs Attention
17986,2011-10-14 14:22:00,1,20.8,56,2,1,1,Needs Attention
12454,2011-10-14 17:13:00,1,3528.34,56,2,2,4,Needs Attention
14910,2011-12-07 10:06:00,4,434.3500000000001,3,4,3,2,Loyal Customers
16243,2011-11-06 12:32:00,2,409.09999999999974,34,3,3,2,Loyal Customers
13878,2011-10-16 12:19:00,1,1281.53,55,2,2,3,Needs Attention
16934,2011-10-16 12:40:00,2,950.93,55,2,3,3,Loyal Customers
15994,2011-10-16 12:28:00,1,427.07000000000005,55,2,2,2,Needs Attention
14547,2011-12-06 11:06:00,8,4007.539999999999,4,4,4,4,Champions
16052,2011-10-16 15:13:00,1,362.06000000000006,54,2,2,2,Needs Attention
15113,2011-11-30 08:23:00,3,3609.330000000001,10,4,3,4,Champions
12475,2011-10-17 10:10:00,1,723.38,54,2,2,3,Needs Attention
16542,2011-10-17 10:47:00,1,119.62,54,2,2,1,Needs Attention
18042,2011-10-17 11:49:00,1,165.04999999999998,54,2,2,1,Needs Attention
16563,2011-10-17 11:51:00,1,1077.74,54,2,2,3,Needs Attention
17201,2011-10-17 11:55:00,1,342.63,54,2,2,2,Needs Attention
17520,2011-10-17 12:04:00,1,546.8100000000001,54,2,2,2,Needs Attention
13923,2011-10-17 12:33:00,1,351.13000000000005,54,2,2,2,Needs Attention
16412,2011-10-17 12:35:00,1,151.83,54,2,2,1,Needs Attention
17205,2011-10-17 12:46:00,1,384.08,54,2,2,2,Needs Attention
17534,2011-10-17 12:47:00,1,223.36,54,2,2,1,Needs Attention
15335,2011-10-17 12:50:00,1,173.97000000000003,54,2,2,1,Needs Attention
16737,2011-10-17 13:03:00,1,417.59999999999997,53,2,2,2,Needs Attention
15066,2011-10-17 13:25:00,1,893.59,53,2,2,3,Needs Attention
17206,2011-10-17 13:25:00,1,204.24,53,2,2,1,Needs Attention
17785,2011-10-17 13:43:00,1,131.94000000000003,53,2,2,1,Needs Attention
16932,2011-10-17 14:12:00,1,161.94,53,2,2,1,Needs Attention
16363,2011-10-17 14:14:00,1,109.36000000000001,53,2,2,1,Needs Attention
14830,2011-10-17 14:29:00,1,197.13,53,2,2,1,Needs Attention
17244,2011-10-17 15:19:00,1,954.8999999999997,53,2,2,3,Needs Attention
15355,2011-11-10 13:44:00,2,277.05000000000007,29,3,3,1,Loyal Customers
15598,2011-10-17 16:04:00,1,240.68,53,2,2,1,Needs Attention
15637,2011-10-18 08:28:00,1,223.36,53,2,2,1,Needs Attention
16848,2011-10-18 08:42:00,1,281.42,53,2,2,1,Needs Attention
15678,2011-10-18 09:25:00,1,352.70000000000005,53,2,2,2,Needs Attention
14015,2011-10-18 10:02:00,1,917.34,53,2,2,3,Needs Attention
13594,2011-10-18 10:19:00,1,396.96999999999997,53,2,2,2,Needs Attention
15327,2011-10-18 11:55:00,1,208.75000000000003,53,2,2,1,Needs Attention
14861,2011-10-18 12:54:00,1,125.79000000000002,52,2,2,1,Needs Attention
14554,2011-11-29 16:44:00,4,2381.040000000002,10,4,3,4,Champions
12611,2011-10-18 13:12:00,1,1193.32,52,2,2,3,Needs Attention
14179,2011-10-30 12:07:00,2,719.7799999999997,41,3,3,3,Champions
12863,2011-10-18 14:15:00,1,521.2,52,2,2,2,Needs Attention
15604,2011-10-18 14:47:00,1,216.39000000000001,52,2,2,1,Needs Attention
14381,2011-10-18 17:10:00,1,202.6800000000001,52,2,2,1,Needs Attention
12572,2011-12-01 09:20:00,2,1020.4200000000003,9,4,3,3,Champions
16123,2011-10-19 09:18:00,1,307.78,52,2,2,2,Needs Attention
16851,2011-12-05 13:32:00,3,342.45,4,4,3,2,Loyal Customers
17148,2011-10-19 09:59:00,1,124.88,52,2,2,1,Needs Attention
17549,2011-11-16 09:59:00,2,148.86,24,3,3,1,Loyal Customers
17973,2011-10-19 10:34:00,1,337.04,52,2,2,2,Needs Attention
15610,2011-10-19 10:36:00,1,112.46,52,2,2,1,Needs Attention
15853,2011-10-19 10:38:00,1,110.80000000000001,52,2,2,1,Needs Attention
18019,2011-10-19 12:10:00,1,38.45,52,2,2,1,Needs Attention
14698,2011-12-08 12:26:00,5,1250.7600000000014,2,4,4,3,Champions
15468,2011-10-19 13:49:00,2,467.50999999999993,51,3,3,2,Loyal Customers
16826,2011-10-19 14:05:00,1,341.70000000000005,51,3,2,2,New / Promising
17824,2011-10-19 14:14:00,1,298.4,51,3,2,1,New / Promising
12522,2011-10-31 15:30:00,2,192.72000000000003,39,3,3,1,Loyal Customers
15803,2011-10-19 14:56:00,1,415.82,51,3,2,2,New / Promising
15006,2011-10-19 15:08:00,1,502.08999999999975,51,3,2,2,New / Promising
17350,2011-12-01 15:47:00,4,1286.0700000000002,8,4,3,3,Champions
14799,2011-10-19 16:16:00,1,157.7,51,3,2,1,New / Promising
15814,2011-11-23 08:17:00,4,1945.3300000000004,17,4,3,4,Champions
16260,2011-10-20 09:40:00,1,1035.45,51,3,2,3,New / Promising
14638,2011-10-20 10:10:00,1,443.6,51,3,2,2,New / Promising
17354,2011-10-20 10:34:00,1,1393.06,51,3,2,3,New / Promising
15664,2011-10-20 10:57:00,1,386.43,51,3,2,2,New / Promising
13245,2011-10-20 11:40:00,1,430.5,51,3,2,2,New / Promising
14923,2011-10-20 11:51:00,1,749.0999999999998,51,3,2,3,New / Promising
16177,2011-10-20 12:57:00,1,331.95,50,3,2,2,New / Promising
13366,2011-10-20 13:37:00,1,56.160000000000004,50,3,2,1,New / Promising
16284,2011-11-08 16:12:00,2,823.9699999999996,31,3,3,3,Champions
16846,2011-10-20 13:55:00,1,214.32000000000002,50,3,2,1,New / Promising
14484,2011-10-20 14:11:00,1,321.91999999999996,50,3,2,2,New / Promising
13897,2011-10-20 14:30:00,1,311.15999999999997,50,3,2,2,New / Promising
14585,2011-10-20 14:33:00,1,157.05,50,3,2,1,New / Promising
17125,2011-10-20 14:41:00,1,259.34999999999997,50,3,2,1,New / Promising
15836,2011-10-20 17:13:00,1,137.37,50,3,2,1,New / Promising
16313,2011-12-06 13:02:00,2,274.15000000000003,3,4,3,1,Loyal Customers
13460,2011-11-10 17:17:00,2,183.44,29,3,3,1,Loyal Customers
12403,2011-10-21 10:51:00,1,427.7,50,3,2,2,New / Promising
14967,2011-10-21 11:06:00,1,463.8,50,3,2,2,New / Promising
15286,2011-10-21 11:08:00,1,240.55,50,3,2,1,New / Promising
17832,2011-10-21 11:43:00,1,155.3700000000001,50,3,2,1,New / Promising
12646,2011-12-05 10:14:00,2,1346.9700000000003,5,4,3,3,Champions
16015,2011-12-06 10:58:00,3,705.3899999999996,4,4,3,3,Champions
16311,2011-11-22 08:54:00,2,616.26,18,4,3,2,Loyal Customers
15740,2011-10-21 14:29:00,1,154.88000000000002,49,3,2,1,New / Promising
13974,2011-10-21 14:41:00,1,413.59,49,3,2,2,New / Promising
15677,2011-10-21 15:36:00,1,657.23,49,3,2,2,New / Promising
15000,2011-10-23 11:42:00,1,490.52,48,3,2,2,New / Promising
16017,2011-10-23 12:56:00,1,211.87999999999994,47,3,2,1,New / Promising
13471,2011-12-08 15:44:00,4,2531.579999999998,1,4,3,4,Champions
13598,2011-10-23 14:28:00,1,180.1700000000001,47,3,2,1,New / Promising
18005,2011-12-06 11:51:00,2,249.71999999999989,4,4,3,1,Loyal Customers
15427,2011-11-06 14:29:00,3,1483.1399999999999,33,3,3,3,Champions
15022,2011-11-28 12:35:00,4,905.0399999999995,12,4,3,3,Champions
17111,2011-10-23 15:59:00,1,248.60999999999999,47,3,2,1,New / Promising
17836,2011-10-23 16:13:00,1,110.21,47,3,2,1,New / Promising
14629,2011-12-05 16:55:00,2,959.0100000000001,4,4,3,3,Champions
15592,2011-10-24 08:59:00,1,388.58,47,3,2,2,New / Promising
15277,2011-10-24 10:08:00,1,255.89999999999998,47,3,2,1,New / Promising
16491,2011-10-24 10:18:00,1,731.5,47,3,2,3,New / Promising
15516,2011-10-26 10:51:00,3,62.43,45,3,3,1,Loyal Customers
14764,2011-10-24 11:54:00,1,278.3,47,3,2,1,New / Promising
16742,2011-10-24 12:02:00,1,464.9,47,3,2,2,New / Promising
15142,2011-10-24 12:51:00,1,498.74,46,3,2,2,New / Promising
17344,2011-10-24 12:56:00,1,160.56999999999994,46,3,2,1,New / Promising
18240,2011-10-24 13:06:00,1,422.58000000000004,46,3,2,2,New / Promising
17081,2011-11-14 12:56:00,2,290.1600000000001,25,3,3,1,Loyal Customers
14474,2011-10-24 13:26:00,1,547.6600000000001,46,3,2,2,New / Promising
14139,2011-10-24 13:34:00,1,415.81999999999994,46,3,2,2,New / Promising
15844,2011-10-24 15:19:00,1,130.74,46,3,2,1,New / Promising
13176,2011-10-24 15:43:00,1,492.8400000000001,46,3,2,2,New / Promising
12398,2011-10-25 10:27:00,1,1635.6599999999999,46,3,2,3,New / Promising
15345,2011-10-25 11:28:00,1,393.54,46,3,2,2,New / Promising
16708,2011-10-25 12:20:00,1,656.6300000000001,46,3,2,2,New / Promising
15963,2011-11-20 11:33:00,2,470.7600000000001,20,3,3,2,Loyal Customers
18045,2011-10-25 13:07:00,1,189.39999999999995,45,3,2,1,New / Promising
13182,2011-10-25 13:46:00,1,121.17999999999999,45,3,2,1,New / Promising
15158,2011-10-25 13:53:00,1,401.4000000000001,45,3,2,2,New / Promising
13028,2011-11-17 11:10:00,2,661.32,23,3,3,2,Loyal Customers
13978,2011-11-25 11:36:00,2,196.79,15,4,3,1,Loyal Customers
16056,2011-10-25 15:19:00,1,664.85,45,3,2,2,New / Promising
12812,2011-10-26 09:54:00,1,229.63999999999993,45,3,2,1,New / Promising
16071,2011-10-26 11:14:00,1,326.24000000000007,45,3,2,2,New / Promising
14539,2011-11-24 09:50:00,2,537.48,16,4,3,2,Loyal Customers
14550,2011-11-29 12:12:00,2,765.6200000000001,11,4,3,3,Champions
17712,2011-10-26 12:28:00,1,522.91,45,3,2,2,New / Promising
14102,2011-12-04 15:38:00,5,1360.2800000000002,5,4,4,3,Champions
14598,2011-10-26 13:19:00,1,221.97000000000003,44,3,2,1,New / Promising
15320,2011-10-26 13:27:00,1,267.13,44,3,2,1,New / Promising
16415,2011-10-26 13:35:00,1,210.34999999999985,44,3,2,1,New / Promising
12448,2011-10-26 13:46:00,1,449.4500000000001,44,3,2,2,New / Promising
12827,2011-12-04 12:17:00,3,430.15,6,4,3,2,Loyal Customers
16345,2011-10-26 16:03:00,1,575.4100000000001,44,3,2,2,New / Promising
15993,2011-12-01 10:45:00,7,2797.5699999999983,9,4,4,4,Champions
17895,2011-10-26 17:00:00,1,97.99999999999997,44,3,2,1,New / Promising
15948,2011-12-01 15:32:00,2,955.2400000000001,8,4,3,3,Champions
15659,2011-10-27 09:23:00,1,306.45000000000005,44,3,2,1,New / Promising
18154,2011-12-06 16:41:00,2,399.18999999999994,3,4,3,2,Loyal Customers
12630,2011-11-30 10:48:00,2,1270.8799999999999,10,4,3,3,Champions
13363,2011-11-22 12:40:00,2,992.5000000000002,18,4,3,3,Champions
18276,2011-10-27 10:54:00,1,335.8599999999999,44,3,2,2,New / Promising
17684,2011-10-27 11:10:00,1,239.41,44,3,2,1,New / Promising
17878,2011-10-27 11:24:00,1,379.45000000000005,44,3,2,2,New / Promising
14752,2011-10-27 11:55:00,1,389.63999999999993,44,3,2,2,New / Promising
16847,2011-10-27 13:29:00,1,193.44,43,3,2,1,New / Promising
14971,2011-11-04 17:07:00,3,1116.5699999999993,35,3,3,3,Champions
17545,2011-10-27 14:04:00,3,645.9599999999999,43,3,3,2,Loyal Customers
16026,2011-10-27 13:53:00,1,236.09000000000006,43,3,2,1,New / Promising
16513,2011-12-05 10:18:00,4,874.5899999999999,5,4,3,3,Champions
12430,2011-10-27 15:09:00,1,256.4,43,3,2,1,New / Promising
14357,2011-10-27 16:23:00,1,225.77000000000012,43,3,2,1,New / Promising
16855,2011-11-16 12:03:00,2,328.4,24,3,3,2,Loyal Customers
16680,2011-10-27 17:35:00,1,183.70000000000002,43,3,2,1,New / Promising
18035,2011-11-04 12:39:00,3,730.4000000000001,36,3,3,3,Champions
16648,2011-10-28 08:58:00,1,290.65999999999997,43,3,2,1,New / Promising
16164,2011-11-22 15:04:00,3,822.4800000000001,17,4,3,3,Champions
14218,2011-10-28 10:00:00,1,169.48000000000002,43,3,2,1,New / Promising
15096,2011-10-28 10:27:00,1,219.39,43,3,2,1,New / Promising
18030,2011-12-05 16:37:00,2,230.64999999999995,4,4,3,1,Loyal Customers
14416,2011-11-17 15:22:00,2,490.22,22,3,3,2,Loyal Customers
17839,2011-10-28 17:27:00,1,338.80000000000007,42,3,2,2,New / Promising
16601,2011-10-30 11:09:00,1,244.79999999999995,41,3,2,1,New / Promising
12912,2011-12-07 08:55:00,5,1662.3,3,4,4,4,Champions
13278,2011-10-30 11:49:00,1,542.73,41,3,2,2,New / Promising
14582,2011-10-30 11:56:00,1,114.11,41,3,2,1,New / Promising
15748,2011-10-30 12:51:00,1,149.30999999999995,40,3,2,1,New / Promising
16079,2011-11-23 12:48:00,3,1352.0000000000002,17,4,3,3,Champions
17590,2011-12-07 12:55:00,3,1479.22,2,4,3,3,Champions
15054,2011-11-27 15:02:00,2,302.09999999999997,12,4,3,1,Loyal Customers
14158,2011-10-30 15:08:00,1,507.66000000000014,40,3,2,2,New / Promising
15385,2011-10-30 15:11:00,1,316.88,40,3,2,2,New / Promising
16506,2011-11-20 12:17:00,2,90.30000000000001,20,3,3,1,Loyal Customers
14295,2011-10-30 15:50:00,1,166.2,40,3,2,1,New / Promising
13822,2011-12-04 12:13:00,2,632.0000000000001,6,4,3,2,Loyal Customers
18067,2011-10-30 15:58:00,1,396.3300000000001,40,3,2,2,New / Promising
16190,2011-10-30 15:59:00,1,215.08,40,3,2,1,New / Promising
15444,2011-11-30 17:37:00,2,1418.2600000000016,9,4,3,3,Champions
13607,2011-10-30 16:17:00,1,678.0099999999996,40,3,2,3,New / Promising
12581,2011-10-31 08:56:00,1,197.70999999999998,40,3,2,1,New / Promising
15360,2011-10-31 09:35:00,1,427.92999999999995,40,3,2,2,New / Promising
13103,2011-10-31 09:38:00,1,243.94,40,3,2,1,New / Promising
15667,2011-10-31 10:56:00,1,301.32000000000005,40,3,2,1,New / Promising
13651,2011-11-04 14:59:00,2,94.2,35,3,3,1,Loyal Customers
12552,2011-11-01 10:02:00,2,437.81999999999994,39,3,3,2,Loyal Customers
16127,2011-10-31 13:58:00,1,656.2500000000001,39,3,2,2,New / Promising
12588,2011-10-31 15:01:00,1,214.9,39,3,2,1,New / Promising
15977,2011-11-22 13:29:00,2,1054.7299999999996,17,4,3,3,Champions
13697,2011-11-01 09:14:00,1,151.3,39,3,2,1,New / Promising
14345,2011-11-01 09:51:00,1,108.97999999999999,39,3,2,1,New / Promising
17503,2011-12-07 09:18:00,2,558.9599999999999,3,4,3,2,Loyal Customers
16830,2011-11-01 11:35:00,1,325.90999999999997,39,3,2,2,New / Promising
17495,2011-12-02 12:08:00,2,497.56000000000006,8,4,3,2,Loyal Customers
12491,2011-11-01 12:18:00,1,460.4000000000001,39,3,2,2,New / Promising
14485,2011-11-01 12:25:00,1,165.75000000000003,39,3,2,1,New / Promising
13868,2011-12-02 16:32:00,2,3192.54,7,4,3,4,Champions
15423,2011-11-01 14:01:00,1,43.5,38,3,2,1,New / Promising
17668,2011-12-08 13:25:00,2,347.74999999999994,1,4,3,2,Loyal Customers
16971,2011-11-01 15:06:00,1,357.20999999999987,38,3,2,2,New / Promising
16352,2011-11-22 10:32:00,2,494.44000000000005,18,4,3,2,Loyal Customers
16884,2011-11-02 11:52:00,2,429.84,38,3,3,2,Loyal Customers
15830,2011-11-02 10:40:00,1,576.0,38,3,2,2,New / Promising
14216,2011-12-06 14:56:00,4,1839.3,3,4,3,4,Champions
15275,2011-11-02 11:20:00,1,615.1399999999999,38,3,2,2,New / Promising
16790,2011-12-06 11:53:00,6,1545.6199999999997,4,4,4,3,Champions
15576,2011-11-02 12:03:00,1,940.6700000000002,38,3,2,3,New / Promising
18105,2011-11-02 12:04:00,1,113.48000000000002,38,3,2,1,New / Promising
18164,2011-11-02 12:56:00,1,399.65000000000003,37,3,2,2,New / Promising
14974,2011-11-02 13:01:00,1,114.39,37,3,2,1,New / Promising
17947,2011-11-02 13:05:00,1,176.68,37,3,2,1,New / Promising
13318,2011-12-08 18:51:00,3,640.76,1,4,3,2,Loyal Customers
18104,2011-11-02 14:07:00,1,754.6400000000002,37,3,2,3,New / Promising
13271,2011-11-02 14:31:00,1,217.3799999999999,37,3,2,1,New / Promising
17595,2011-11-27 16:08:00,2,388.7900000000001,12,4,3,2,Loyal Customers
14528,2011-11-02 17:09:00,1,364.22,37,3,2,2,New / Promising
17432,2011-11-21 17:33:00,2,365.76000000000005,18,4,3,2,Loyal Customers
16337,2011-11-03 10:03:00,1,151.05,37,3,2,1,New / Promising
14098,2011-11-03 10:13:00,1,147.34999999999997,37,3,2,1,New / Promising
15551,2011-11-03 12:37:00,1,436.05999999999995,37,3,2,2,New / Promising
16347,2011-11-28 13:14:00,2,887.6500000000001,11,4,3,3,Champions
13721,2011-11-03 14:05:00,1,524.14,36,3,2,2,New / Promising
16322,2011-12-08 15:41:00,2,326.74999999999994,1,4,3,2,Loyal Customers
17403,2011-11-03 15:18:00,1,281.62000000000006,36,3,2,1,New / Promising
16914,2011-11-03 15:27:00,1,208.45999999999995,36,3,2,1,New / Promising
16602,2011-11-03 15:54:00,1,528.0799999999999,36,3,2,2,New / Promising
12544,2011-11-03 16:15:00,1,372.7,36,3,2,2,New / Promising
13914,2011-11-28 10:35:00,2,626.4499999999999,12,4,3,2,Loyal Customers
13467,2011-11-29 10:01:00,2,1083.71,11,4,3,3,Champions
17221,2011-12-02 13:35:00,2,335.13,7,4,3,2,Loyal Customers
17078,2011-11-03 19:17:00,2,378.2000000000001,36,3,3,2,Loyal Customers
13447,2011-11-16 13:38:00,3,1129.14,23,3,3,3,Champions
15010,2011-11-04 12:42:00,1,308.94000000000005,36,3,2,2,New / Promising
18022,2011-11-04 12:45:00,1,668.1100000000002,36,3,2,2,New / Promising
16318,2011-11-04 13:05:00,1,328.15,35,3,2,2,New / Promising
17274,2011-11-04 13:16:00,1,111.98000000000002,35,3,2,1,New / Promising
15597,2011-11-04 13:26:00,1,324.57,35,3,2,2,New / Promising
17233,2011-11-04 14:06:00,1,190.88,35,3,2,1,New / Promising
16887,2011-11-04 14:07:00,1,194.88,35,3,2,1,New / Promising
13938,2011-11-04 14:37:00,1,71.66,35,3,2,1,New / Promising
17084,2011-11-04 14:54:00,2,2949.7500000000014,35,3,3,4,Champions
14882,2011-11-13 12:47:00,2,589.7,27,3,3,2,Loyal Customers
15017,2011-11-06 10:33:00,1,125.58000000000003,34,3,2,1,New / Promising
12882,2011-11-30 16:18:00,2,1463.0399999999995,9,4,3,3,Champions
17387,2011-11-20 11:00:00,2,784.11,20,3,3,3,Champions
13727,2011-11-11 09:46:00,2,333.4800000000001,29,3,3,2,Loyal Customers
13532,2011-11-06 12:25:00,1,210.30999999999983,34,3,2,1,New / Promising
16445,2011-11-06 12:32:00,1,230.51000000000002,34,3,2,1,New / Promising
15156,2011-12-08 18:22:00,3,961.4899999999999,1,4,3,3,Champions
16372,2011-11-06 13:08:00,2,367.92999999999984,33,3,3,2,Loyal Customers
17608,2011-11-06 13:06:00,2,193.42000000000007,33,3,3,1,Loyal Customers
12638,2011-11-06 13:11:00,1,671.69,33,3,2,2,New / Promising
14174,2011-11-06 13:17:00,1,134.46,33,3,2,1,New / Promising
14039,2011-11-06 13:48:00,1,152.2,33,3,2,1,New / Promising
13040,2011-12-01 10:38:00,2,676.9900000000001,9,4,3,3,Champions
15883,2011-12-07 17:05:00,2,396.47999999999996,2,4,3,2,Loyal Customers
14664,2011-11-20 10:59:00,2,637.89,20,3,3,2,Loyal Customers
15526,2011-11-06 15:04:00,2,148.44,33,3,3,1,Loyal Customers
17831,2011-11-06 15:09:00,1,35.400000000000006,33,3,2,1,New / Promising
15025,2011-11-06 15:20:00,1,377.01,33,3,2,2,New / Promising
12357,2011-11-06 16:07:00,1,6207.669999999996,33,3,2,4,New / Promising
17761,2011-11-07 10:23:00,1,712.78,33,3,2,3,New / Promising
15870,2011-11-07 10:58:00,1,354.0899999999999,33,3,2,2,New / Promising
14080,2011-11-07 11:09:00,1,45.599999999999994,33,3,2,1,New / Promising
17623,2011-11-07 11:32:00,1,527.05,33,3,2,2,New / Promising
13673,2011-11-21 12:11:00,2,396.9199999999999,19,3,3,2,Loyal Customers
14073,2011-11-07 15:49:00,1,151.04,32,3,2,1,New / Promising
16070,2011-11-17 15:50:00,2,852.15,22,3,3,3,Champions
13066,2011-11-15 12:57:00,2,470.80000000000007,24,3,3,2,Loyal Customers
14929,2011-11-07 17:21:00,1,223.88,32,3,2,1,New / Promising
13710,2011-11-08 08:16:00,1,180.48000000000002,32,3,2,1,New / Promising
16732,2011-11-08 09:54:00,1,603.7499999999998,32,3,2,2,New / Promising
14140,2011-12-06 09:05:00,2,935.0499999999996,4,4,3,3,Champions
17219,2011-11-08 11:25:00,1,114.23,32,3,2,1,New / Promising
16505,2011-11-08 12:14:00,1,777.6,32,3,2,3,New / Promising
15957,2011-11-08 12:14:00,1,428.88999999999993,32,3,2,2,New / Promising
18123,2011-11-15 14:23:00,2,589.4399999999999,24,3,3,2,Loyal Customers
15043,2011-11-08 14:26:00,1,537.0,31,3,2,2,New / Promising
17313,2011-11-08 15:45:00,1,2328.8399999999997,31,3,2,4,New / Promising
18216,2011-11-08 16:55:00,1,481.75,31,3,2,2,New / Promising
17022,2011-11-08 17:09:00,1,71.0,31,3,2,1,New / Promising
15153,2011-11-08 17:09:00,1,329.25,31,3,2,2,New / Promising
16759,2011-12-02 12:42:00,3,789.79,8,4,3,3,Champions
16751,2011-11-09 10:48:00,1,1764.7199999999998,31,3,2,4,New / Promising
12893,2011-11-09 12:34:00,1,188.14,31,3,2,1,New / Promising
14836,2011-11-29 16:45:00,3,102.44999999999999,10,4,3,1,Loyal Customers
17011,2011-11-09 13:30:00,1,270.90000000000003,30,3,2,1,New / Promising
12532,2011-11-09 13:47:00,1,349.83,30,3,2,2,New / Promising
17038,2011-11-09 13:50:00,1,112.40000000000003,30,3,2,1,New / Promising
14968,2011-11-09 13:58:00,1,147.59,30,3,2,1,New / Promising
12504,2011-11-21 16:02:00,2,482.04999999999995,18,4,3,2,Loyal Customers
16516,2011-11-09 14:59:00,1,101.7,30,3,2,1,New / Promising
13522,2011-11-09 15:11:00,1,125.80000000000001,30,3,2,1,New / Promising
15986,2011-11-09 15:17:00,1,168.12,30,3,2,1,New / Promising
13992,2011-11-09 15:23:00,1,76.8,30,3,2,1,New / Promising
14354,2011-12-04 11:32:00,2,163.62,6,4,3,1,Loyal Customers
16986,2011-11-10 11:55:00,2,1873.2,30,3,3,4,Champions
16953,2011-11-09 15:54:00,1,20.8,30,3,2,1,New / Promising
18274,2011-11-09 17:03:00,1,175.92000000000002,30,3,2,1,New / Promising
15450,2011-11-09 17:11:00,1,429.84,30,3,2,2,New / Promising
15531,2011-12-01 18:43:00,2,2007.4399999999994,8,4,3,4,Champions
17500,2011-11-22 14:25:00,3,1138.0,17,4,3,3,Champions
17197,2011-11-10 10:32:00,1,1013.01,30,3,2,3,New / Promising
16025,2011-11-10 11:45:00,1,439.66,30,3,2,2,New / Promising
12659,2011-11-10 11:53:00,1,91.68,30,3,2,1,New / Promising
17461,2011-11-17 10:21:00,3,757.4599999999996,23,3,3,3,Champions
17791,2011-11-10 12:09:00,1,106.1,30,3,2,1,New / Promising
15463,2011-11-10 12:57:00,1,126.14,29,3,2,1,New / Promising
17977,2011-11-10 13:28:00,1,288.14,29,3,2,1,New / Promising
12617,2011-11-10 14:39:00,1,355.5300000000002,29,3,2,2,New / Promising
14863,2011-11-10 15:04:00,1,266.76,29,3,2,1,New / Promising
16903,2011-11-10 15:32:00,1,373.24,29,3,2,2,New / Promising
12508,2011-11-13 15:37:00,2,398.27000000000004,26,3,3,2,Loyal Customers
17502,2011-11-30 13:13:00,4,689.0999999999999,9,4,3,3,Champions
12538,2011-11-10 17:16:00,1,363.95,29,3,2,2,New / Promising
17901,2011-11-10 17:29:00,1,110.38000000000001,29,3,2,1,New / Promising
14789,2011-11-11 08:59:00,1,197.64000000000001,29,3,2,1,New / Promising
18209,2011-11-11 12:07:00,1,139.10000000000002,29,3,2,1,New / Promising
12985,2011-12-09 10:46:00,2,1239.38,1,4,3,3,Champions
15557,2011-11-11 12:46:00,1,473.65,29,3,2,2,New / Promising
16433,2011-11-11 14:09:00,1,184.26000000000002,28,3,2,1,New / Promising
15692,2011-11-11 14:12:00,1,191.04000000000002,28,3,2,1,New / Promising
17052,2011-11-11 14:50:00,1,413.75000000000006,28,3,2,2,New / Promising
16368,2011-12-07 13:12:00,2,497.42999999999984,2,4,3,2,Loyal Customers
18014,2011-11-11 15:28:00,1,166.42000000000002,28,3,2,1,New / Promising
13732,2011-11-11 15:49:00,1,491.86,28,3,2,2,New / Promising
13091,2011-11-11 15:54:00,1,345.82,28,3,2,2,New / Promising
14661,2011-11-13 11:51:00,1,107.95,27,3,2,1,New / Promising
13170,2011-11-13 12:19:00,1,116.01000000000002,27,3,2,1,New / Promising
15654,2011-11-30 13:08:00,2,922.5300000000002,9,4,3,3,Champions
13146,2011-11-13 15:29:00,1,228.91,26,3,2,1,New / Promising
14788,2011-12-02 17:06:00,2,679.4399999999998,7,4,3,3,Champions
13603,2011-11-13 15:57:00,1,164.34,26,3,2,1,New / Promising
14382,2011-11-13 16:18:00,1,626.07,26,3,2,2,New / Promising
16720,2011-11-13 16:22:00,1,155.23999999999998,26,3,2,1,New / Promising
14904,2011-12-07 12:55:00,2,1025.4399999999998,2,4,3,3,Champions
14494,2011-11-14 09:21:00,1,139.56,26,3,2,1,New / Promising
14902,2011-11-14 10:34:00,1,332.66,26,3,2,2,New / Promising
16936,2011-11-14 11:04:00,1,262.68,26,3,2,1,New / Promising
12938,2011-11-14 11:21:00,1,114.14,26,3,2,1,New / Promising
15168,2011-11-14 11:26:00,1,106.56,26,3,2,1,New / Promising
17538,2011-11-14 12:12:00,1,98.42000000000002,26,3,2,1,New / Promising
18082,2011-11-14 12:45:00,1,703.3699999999997,26,3,2,3,New / Promising
18117,2011-11-14 12:47:00,1,320.71999999999997,26,3,2,2,New / Promising
15458,2011-11-14 13:08:00,1,161.64,25,3,2,1,New / Promising
17566,2011-12-01 19:54:00,2,901.2100000000007,8,4,3,3,Champions
16207,2011-11-14 13:51:00,1,394.38,25,3,2,2,New / Promising
12762,2011-12-02 10:23:00,2,1898.5200000000004,8,4,3,4,Champions
17793,2011-11-14 14:24:00,1,323.03999999999996,25,3,2,2,New / Promising
17044,2011-11-14 14:28:00,1,948.48,25,3,2,3,New / Promising
14953,2011-11-14 14:59:00,1,289.82,25,3,2,1,New / Promising
16504,2011-11-14 15:18:00,1,484.37999999999977,25,3,2,2,New / Promising
12374,2011-11-14 15:37:00,1,742.93,25,3,2,3,New / Promising
15009,2011-11-27 13:35:00,3,1261.7799999999997,12,4,3,3,Champions
16423,2011-11-15 09:21:00,1,346.12,25,3,2,2,New / Promising
15419,2011-11-15 09:23:00,1,135.86,25,3,2,1,New / Promising
17510,2011-11-15 10:00:00,1,308.48,25,3,2,2,New / Promising
15758,2011-11-15 10:48:00,1,205.25,25,3,2,1,New / Promising
15524,2011-11-15 12:09:00,1,440.0,25,3,2,2,New / Promising
14725,2011-11-15 12:42:00,1,718.08,25,3,2,3,New / Promising
14666,2011-11-15 12:57:00,1,195.24999999999997,24,3,2,1,New / Promising
14714,2011-11-15 13:07:00,1,160.19,24,3,2,1,New / Promising
17153,2011-11-15 13:42:00,1,213.77999999999997,24,3,2,1,New / Promising
12950,2011-12-07 13:17:00,3,1843.0,2,4,3,4,Champions
15720,2011-11-15 14:48:00,1,598.7300000000001,24,3,2,2,New / Promising
18181,2011-11-15 15:08:00,1,382.79999999999995,24,3,2,2,New / Promising
15556,2011-11-15 16:08:00,1,279.77,24,3,2,1,New / Promising
17357,2011-11-15 16:30:00,2,388.1399999999999,24,3,3,2,Loyal Customers
12890,2011-11-15 17:26:00,1,380.46999999999997,24,3,2,2,New / Promising
13449,2011-11-16 08:28:00,1,291.88,24,3,2,1,New / Promising
15269,2011-11-16 09:32:00,1,408.8,24,3,2,2,New / Promising
14385,2011-11-30 15:36:00,3,202.11,9,4,3,1,Loyal Customers
15900,2011-11-16 12:19:00,1,351.1099999999999,24,3,2,2,New / Promising
17680,2011-11-16 12:42:00,1,184.39999999999998,24,3,2,1,New / Promising
13926,2011-11-16 13:16:00,1,223.85000000000002,23,3,2,1,New / Promising
16204,2011-11-16 13:40:00,1,405.71000000000004,23,3,2,2,New / Promising
17896,2011-11-16 13:59:00,1,256.32,23,3,2,1,New / Promising
17835,2011-12-07 11:48:00,3,350.63999999999993,3,4,3,2,Loyal Customers
15432,2011-11-16 16:30:00,1,171.19,23,3,2,1,New / Promising
18006,2011-11-16 16:52:00,1,444.68,23,3,2,2,New / Promising
15657,2011-11-17 12:19:00,1,30.0,23,3,2,1,New / Promising
17237,2011-11-28 15:02:00,2,314.69,11,4,3,2,Loyal Customers
13160,2011-11-17 13:07:00,1,91.8,22,3,2,1,New / Promising
12847,2011-11-17 13:16:00,1,871.5399999999998,22,3,2,3,New / Promising
17397,2011-11-17 14:08:00,2,696.4099999999999,22,3,3,3,Champions
17985,2011-11-17 14:24:00,1,634.9499999999999,22,3,2,2,New / Promising
14362,2011-11-17 15:08:00,1,161.20000000000002,22,3,2,1,New / Promising
13828,2011-11-17 16:02:00,1,209.49000000000004,22,3,2,1,New / Promising
15435,2011-11-17 16:39:00,1,149.29000000000005,22,3,2,1,New / Promising
12445,2011-11-17 18:43:00,1,133.4,22,3,2,1,New / Promising
12603,2011-11-18 10:42:00,1,739.1999999999999,22,3,2,3,New / Promising
14641,2011-11-18 10:42:00,1,110.46,22,3,2,1,New / Promising
12618,2011-11-18 11:10:00,1,177.31,22,3,2,1,New / Promising
15621,2011-12-05 14:01:00,4,1293.0300000000002,4,4,3,3,Champions
12391,2011-11-18 12:07:00,1,460.88999999999993,22,3,2,2,New / Promising
18034,2011-11-18 12:22:00,2,422.8800000000001,22,3,3,2,Loyal Customers
17286,2011-11-18 12:47:00,1,153.92000000000004,22,3,2,1,New / Promising
17904,2011-11-18 12:57:00,1,191.66999999999993,21,3,2,1,New / Promising
17301,2011-11-18 13:43:00,1,197.6300000000001,21,3,2,1,New / Promising
15368,2011-11-18 14:42:00,1,446.94000000000005,21,3,2,2,New / Promising
14793,2011-11-18 14:50:00,1,228.99,21,3,2,1,New / Promising
17650,2011-11-18 14:52:00,1,166.07999999999998,21,3,2,1,New / Promising
12702,2011-11-20 10:36:00,1,219.0,20,3,2,1,New / Promising
14881,2011-11-20 11:06:00,1,255.4,20,3,2,1,New / Promising
16784,2011-11-20 12:20:00,1,107.6,20,3,2,1,New / Promising
14052,2011-11-20 12:30:00,1,225.35999999999993,20,3,2,1,New / Promising
18110,2011-11-20 12:34:00,1,236.3,20,3,2,1,New / Promising
17561,2011-11-20 12:53:00,1,167.61999999999998,19,3,2,1,New / Promising
15988,2011-11-20 13:23:00,1,158.03000000000003,19,3,2,1,New / Promising
17523,2011-11-28 13:20:00,4,652.7400000000001,11,4,3,2,Loyal Customers
14950,2011-11-20 13:48:00,1,371.2,19,3,2,2,New / Promising
16666,2011-11-20 14:01:00,1,118.98,19,3,2,1,New / Promising
14860,2011-11-20 14:17:00,1,170.32000000000002,19,3,2,1,New / Promising
17636,2011-11-20 14:40:00,1,285.56,19,3,2,1,New / Promising
13832,2011-11-20 15:36:00,1,52.199999999999996,19,3,2,1,New / Promising
13142,2011-11-20 16:07:00,1,307.0899999999999,19,3,2,1,New / Promising
16366,2011-11-21 08:19:00,1,327.3,19,3,2,2,New / Promising
14300,2011-11-21 08:57:00,1,43.2,19,3,2,1,New / Promising
12349,2011-11-21 09:51:00,1,1757.55,19,3,2,4,New / Promising
12658,2011-11-21 10:22:00,1,686.0500000000001,19,3,2,3,New / Promising
12795,2011-11-21 10:27:00,1,430.4800000000001,19,3,2,2,New / Promising
15567,2011-11-21 10:48:00,1,186.01000000000002,19,3,2,1,New / Promising
15645,2011-11-21 11:55:00,1,612.0099999999998,19,3,2,2,New / Promising
16406,2011-11-21 11:57:00,1,163.07,19,3,2,1,New / Promising
15857,2011-11-21 12:18:00,1,297.0,19,3,2,1,New / Promising
12984,2011-11-21 12:37:00,1,97.5,19,3,2,1,New / Promising
17253,2011-11-21 12:59:00,1,178.26,18,4,2,1,New / Promising
13739,2011-11-21 13:35:00,1,216.9,18,4,2,1,New / Promising
18139,2011-11-22 10:44:00,6,8438.339999999997,18,4,4,4,Champions
15274,2011-12-05 16:57:00,2,716.5700000000003,4,4,3,3,Champions
17010,2011-11-21 14:49:00,1,195.36,18,4,2,1,New / Promising
15115,2011-11-21 14:59:00,1,340.11000000000007,18,4,2,2,New / Promising
17100,2011-11-21 16:36:00,2,971.74,18,4,3,3,Champions
15699,2011-11-22 08:26:00,1,309.6499999999999,18,4,2,2,New / Promising
13403,2011-11-22 08:28:00,1,75.0,18,4,2,1,New / Promising
16956,2011-11-22 08:56:00,1,308.74,18,4,2,2,New / Promising
17600,2011-11-22 09:43:00,1,161.67000000000002,18,4,2,1,New / Promising
15877,2011-12-08 11:53:00,2,493.28,2,4,3,2,Loyal Customers
14424,2011-11-22 11:48:00,1,322.08,18,4,2,2,New / Promising
13322,2011-11-22 14:21:00,1,199.48,17,4,2,1,New / Promising
17297,2011-11-22 14:43:00,1,131.78000000000006,17,4,2,1,New / Promising
13986,2011-11-22 15:00:00,1,320.46000000000004,17,4,2,2,New / Promising
12920,2011-11-22 15:05:00,1,164.23000000000002,17,4,2,1,New / Promising
18249,2011-11-22 15:07:00,1,95.34,17,4,2,1,New / Promising
12586,2011-11-22 16:24:00,1,196.94,17,4,2,1,New / Promising
15634,2011-11-22 16:28:00,1,243.55,17,4,2,1,New / Promising
16376,2011-12-01 11:38:00,2,987.0100000000007,9,4,3,3,Champions
16811,2011-12-05 11:39:00,2,547.0699999999999,5,4,3,2,Loyal Customers
12452,2011-11-23 10:28:00,2,430.57000000000005,17,4,3,2,Loyal Customers
14581,2011-11-23 12:39:00,1,138.6,17,4,2,1,New / Promising
14675,2011-11-23 12:58:00,1,604.7499999999999,16,4,2,2,New / Promising
18084,2011-11-23 13:57:00,1,90.47999999999999,16,4,2,1,New / Promising
17290,2011-12-06 12:38:00,2,525.2399999999998,4,4,3,2,Loyal Customers
16343,2011-11-23 17:45:00,2,370.47999999999996,16,4,3,2,Loyal Customers
13638,2011-11-24 10:38:00,1,122.64000000000001,16,4,2,1,New / Promising
16482,2011-11-24 12:33:00,1,220.61999999999998,16,4,2,1,New / Promising
12784,2011-11-30 15:38:00,2,574.42,9,4,3,2,Loyal Customers
17458,2011-11-24 13:01:00,1,316.49999999999994,15,4,2,2,New / Promising
14785,2011-11-29 13:21:00,2,77.4,10,4,3,1,Loyal Customers
17254,2011-12-05 12:46:00,2,272.44000000000005,5,4,3,1,Loyal Customers
17767,2011-11-24 14:42:00,1,271.20000000000005,15,4,2,1,New / Promising
15725,2011-11-24 14:51:00,1,415.2500000000001,15,4,2,2,New / Promising
17247,2011-11-24 15:21:00,1,282.18999999999994,15,4,2,1,New / Promising
18184,2011-11-24 15:28:00,1,49.8,15,4,2,1,New / Promising
15428,2011-11-24 16:54:00,1,93.78,15,4,2,1,New / Promising
17727,2011-11-24 17:06:00,1,1060.25,15,4,2,3,New / Promising
14756,2011-11-24 18:13:00,1,738.9599999999998,15,4,2,3,New / Promising
16856,2011-11-25 08:59:00,1,35.400000000000006,15,4,2,1,New / Promising
14703,2011-11-25 09:23:00,1,318.1699999999999,15,4,2,2,New / Promising
17385,2011-11-25 11:02:00,1,261.11000000000007,15,4,2,1,New / Promising
12531,2011-11-25 11:12:00,1,125.22,15,4,2,1,New / Promising
15872,2011-11-25 11:55:00,2,360.9299999999999,15,4,3,2,Loyal Customers
14966,2011-11-25 12:20:00,1,191.3199999999999,15,4,2,1,New / Promising
17232,2011-12-07 12:21:00,2,421.5200000000001,3,4,3,2,Loyal Customers
17468,2011-11-29 15:33:00,2,137.0,10,4,3,1,Loyal Customers
13332,2011-11-25 13:30:00,1,350.9,14,4,2,2,New / Promising
14946,2011-11-25 13:33:00,1,100.9,14,4,2,1,New / Promising
13256,2011-11-25 15:57:00,1,0.0,14,4,2,1,New / Promising
13596,2011-12-04 12:01:00,2,697.04,6,4,3,3,Champions
16024,2011-11-27 13:26:00,1,251.23999999999992,12,4,2,1,New / Promising
14954,2011-11-27 14:30:00,1,336.16999999999985,12,4,2,2,New / Promising
17885,2011-11-27 14:40:00,1,190.18999999999997,12,4,2,1,New / Promising
14093,2011-11-27 16:27:00,1,442.8499999999999,12,4,2,2,New / Promising
14893,2011-11-30 12:31:00,2,1237.8500000000004,10,4,3,3,Champions
15721,2011-11-28 12:14:00,1,507.0799999999998,12,4,2,2,New / Promising
17852,2011-11-28 12:36:00,2,114.34,12,4,3,1,Loyal Customers
13844,2011-11-28 13:21:00,1,361.62,11,4,2,2,New / Promising
12479,2011-11-28 13:26:00,1,527.2,11,4,2,2,New / Promising
12660,2011-11-28 13:26:00,1,245.10000000000002,11,4,2,1,New / Promising
15540,2011-11-28 13:51:00,1,213.30000000000004,11,4,2,1,New / Promising
17379,2011-11-28 13:56:00,1,404.66,11,4,2,2,New / Promising
16800,2011-11-28 14:06:00,1,1201.4900000000002,11,4,2,3,New / Promising
17806,2011-11-28 14:12:00,1,546.0399999999998,11,4,2,2,New / Promising
17359,2011-11-28 14:37:00,1,127.85999999999999,11,4,2,1,New / Promising
13188,2011-11-28 15:28:00,1,114.60000000000001,11,4,2,1,New / Promising
14480,2011-11-28 16:35:00,1,279.05,11,4,2,1,New / Promising
13349,2011-11-29 08:07:00,1,247.31999999999996,11,4,2,1,New / Promising
15619,2011-11-29 08:14:00,1,336.40000000000003,11,4,2,2,New / Promising
15148,2011-11-29 08:21:00,1,301.28999999999996,11,4,2,1,New / Promising
14601,2011-11-29 09:48:00,1,213.96000000000004,11,4,2,1,New / Promising
15783,2011-11-29 09:50:00,1,246.3,11,4,2,1,New / Promising
17772,2011-11-29 11:05:00,2,182.76999999999998,11,4,3,1,Loyal Customers
14126,2011-12-02 11:45:00,3,706.1300000000001,8,4,3,3,Champions
16479,2011-11-29 13:40:00,2,300.83,10,4,3,1,Loyal Customers
13428,2011-11-29 14:20:00,1,218.46999999999994,10,4,2,1,New / Promising
15790,2011-11-29 14:53:00,1,220.84999999999997,10,4,2,1,New / Promising
13521,2011-12-08 13:50:00,3,1093.6500000000003,1,4,3,3,Champions
14349,2011-11-29 15:39:00,1,133.50000000000006,10,4,2,1,New / Promising
18058,2011-11-30 08:38:00,1,170.16,10,4,2,1,New / Promising
12953,2011-11-30 09:24:00,1,329.84999999999997,10,4,2,2,New / Promising
12966,2011-11-30 12:38:00,1,160.18,10,4,2,1,New / Promising
15060,2011-12-01 13:47:00,4,303.0899999999999,8,4,3,1,Loyal Customers
17911,2011-11-30 14:52:00,1,366.23,9,4,2,2,New / Promising
14804,2011-12-01 11:20:00,1,353.2699999999999,9,4,2,2,New / Promising
15904,2011-12-01 14:50:00,1,164.67999999999998,8,4,2,1,New / Promising
16789,2011-12-01 15:12:00,1,80.8,8,4,2,1,New / Promising
12558,2011-12-02 10:41:00,1,269.96000000000004,8,4,2,1,New / Promising
17942,2011-12-02 10:45:00,1,77.50000000000001,8,4,2,1,New / Promising
12587,2011-12-02 12:47:00,1,144.0,8,4,2,1,New / Promising
13560,2011-12-02 13:11:00,1,174.37000000000003,7,4,2,1,New / Promising
15539,2011-12-02 13:36:00,1,538.46,7,4,2,2,New / Promising
13017,2011-12-02 15:53:00,1,204.0,7,4,2,1,New / Promising
18174,2011-12-02 16:56:00,1,104.0,7,4,2,1,New / Promising
13153,2011-12-04 12:14:00,1,486.22,6,4,2,2,New / Promising
15773,2011-12-04 12:48:00,1,635.6800000000001,6,4,2,2,New / Promising
17936,2011-12-04 13:32:00,1,389.8399999999999,5,4,2,2,New / Promising
16535,2011-12-04 15:18:00,1,593.75,5,4,2,2,New / Promising
16988,2011-12-04 16:02:00,1,126.12,5,4,2,1,New / Promising
15097,2011-12-05 14:03:00,1,248.07999999999996,4,4,2,1,New / Promising
18015,2011-12-05 14:49:00,1,120.03,4,4,2,1,New / Promising
16597,2011-12-05 15:44:00,1,90.04000000000002,4,4,2,1,New / Promising
13790,2011-12-05 15:48:00,1,348.79999999999995,4,4,2,2,New / Promising
14219,2011-12-05 16:23:00,1,89.94,4,4,2,1,New / Promising
12367,2011-12-05 16:48:00,1,168.9,4,4,2,1,New / Promising
17383,2011-12-05 17:36:00,1,199.29000000000002,4,4,2,1,New / Promising
12478,2011-12-06 09:56:00,1,680.9900000000002,4,4,2,3,New / Promising
15992,2011-12-06 11:00:00,1,41.989999999999995,4,4,2,1,New / Promising
15318,2011-12-06 11:30:00,1,312.62,4,4,2,2,New / Promising
17914,2011-12-06 11:58:00,1,336.4299999999999,4,4,2,2,New / Promising
16528,2011-12-06 12:45:00,1,244.41,4,4,2,1,New / Promising
12442,2011-12-06 14:22:00,1,172.06,3,4,2,1,New / Promising
16569,2011-12-06 15:32:00,1,124.2,3,4,2,1,New / Promising
12650,2011-12-06 16:34:00,1,314.44,3,4,2,2,New / Promising
14578,2011-12-06 17:18:00,1,168.63,3,4,2,1,New / Promising
16000,2011-12-07 12:17:00,3,12393.7,3,4,3,4,Champions
15195,2011-12-07 12:20:00,1,3861.0,3,4,2,4,New / Promising
14087,2011-12-07 12:41:00,1,194.42,3,4,2,1,New / Promising
14204,2011-12-07 13:38:00,1,161.02999999999997,2,4,2,1,New / Promising
15471,2011-12-07 14:12:00,1,469.47999999999985,2,4,2,2,New / Promising
13436,2011-12-08 10:33:00,1,196.88999999999996,2,4,2,1,New / Promising
15520,2011-12-08 10:58:00,1,343.49999999999994,2,4,2,2,New / Promising
13298,2011-12-08 13:11:00,1,360.0,1,4,2,2,New / Promising
14569,2011-12-08 14:58:00,1,227.39,1,4,2,1,New / Promising
12713,2011-12-09 12:16:00,1,848.5499999999998,1,4,2,3,New / Promising
